fmi,estado,enlace
001-1020192,no_publicado,
001-1020193,no_publicado,
001-1020204,no_publicado,
001-1020205,no_publicado,
001-1020206,no_publicado,
001-1020207,no_publicado,
001-1020208,no_publicado,
001-1020209,no_publicado,
001-1020210,no_publicado,
001-1020211,no_publicado,
001-1020214,no_publicado,
001-1020231,encontrado,https://www.activosporcolombia.com/es/unidad-inmobiliaria/907/apartamento-en-gestion-medellin-antioquia
001-1020261,encontrado,https://www.activosporcolombia.com/es/unidad-inmobiliaria/907/apartamento-en-gestion-medellin-antioquia
001-1020276,encontrado,https://www.activosporcolombia.com/es/unidad-inmobiliaria/907/apartamento-en-gestion-medellin-antioquia
001-1027103,encontrado,https://www.activosporcolombia.com/es/inmueble/35386/apartamento-en-venta-envigado-antioquia
001-1028192,encontrado,https://www.activosporcolombia.com/es/unidad-inmobiliaria/908/apartamento-en-gestion-medellin-antioquia
001-1040449,no_publicado,
001-1041891,no_publicado,
001-1041892,no_publicado,
001-1041893,no_publicado,
001-1041894,no_publicado,
001-1041895,no_publicado,
001-1063892,no_publicado,
001-1084486,no_publicado,
001-1063893,no_publicado,
001-1052389,encontrado,https://www.activosporcolombia.com/es/unidad-inmobiliaria/138/apartamento-y-garaje-en-venta-medellin-antioquia
001-1092495,no_publicado,
001-1064589,encontrado,https://www.activosporcolombia.com/es/inmueble/26307/siute-en-venta-medellin-antioquia
001-1086127,encontrado,https://www.activosporcolombia.com/es/unidad-inmobiliaria/90/apartamento-con-garaje-y-deposito-en-venta-medellin-antioquia
001-1077751,encontrado,https://www.activosporcolombia.com/es/inmueble/33316/apartamento-en-venta-medellin-antioquia
001-1052449,encontrado,https://www.activosporcolombia.com/es/unidad-inmobiliaria/908/apartamento-en-gestion-medellin-antioquia
001-1086308,encontrado,https://www.activosporcolombia.com/es/unidad-inmobiliaria/90/apartamento-con-garaje-y-deposito-en-venta-medellin-antioquia
001-1086507,encontrado,https://www.activosporcolombia.com/es/unidad-inmobiliaria/90/apartamento-con-garaje-y-deposito-en-venta-medellin-antioquia
001-1101670,encontrado,https://www.activosporcolombia.com/es/unidad-inmobiliaria/138/apartamento-y-garaje-en-venta-medellin-antioquia
001-1117318,no_publicado,
001-1117682,no_publicado,
001-1117301,no_publicado,
001-1117668,no_publicado,
001-1117817,no_publicado,
001-1117806,no_publicado,
001-1107815,encontrado,https://www.activosporcolombia.com/es/unidad-inmobiliaria/483/apartamento-en-gestion-medellin-antioquia
001-1108091,encontrado,https://www.activosporcolombia.com/es/unidad-inmobiliaria/478/apartamento-en-venta-medellin
001-113550,no_publicado,
001-11370,no_publicado,
001-11392,no_publicado,
001-1128810,encontrado,https://www.activosporcolombia.com/es/unidad-inmobiliaria/478/apartamento-en-venta-medellin
001-1128617,encontrado,https://www.activosporcolombia.com/es/unidad-inmobiliaria/483/apartamento-en-gestion-medellin-antioquia
001-1160626,encontrado,https://www.activosporcolombia.com/es/inmueble/28292/kr-76-41-31-ap-201-ed-laurel-real
001-1121210,encontrado,https://www.activosporcolombia.com/es/unidad-inmobiliaria/354/apartamento-en-venta-medellin
001-1179269,encontrado,https://www.activosporcolombia.com/es/unidad-inmobiliaria/867/apartamento-en-gestion-medellin-antioquia
001-1167532,encontrado,https://www.activosporcolombia.com/es/inmueble/2635/casa-en-gestion-envigado-antioquia
001-1165695,encontrado,https://www.activosporcolombia.com/es/inmueble/467/avaluo-en-gestion-medellin-antioquia
001-1211714,no_publicado,
001-1204710,no_publicado,
001-1211727,no_publicado,
001-1179351,encontrado,https://www.activosporcolombia.com/es/unidad-inmobiliaria/867/apartamento-en-gestion-medellin-antioquia
001-1211761,no_publicado,
001-121581,no_publicado,
001-123333,no_publicado,
001-1237827,no_publicado,
001-1223271,encontrado,https://www.activosporcolombia.com/es/unidad-inmobiliaria/475/apartamento-en-gestion-medellin-antioquia
001-1223353,encontrado,https://www.activosporcolombia.com/es/unidad-inmobiliaria/475/apartamento-en-gestion-medellin-antioquia
001-1237804,no_publicado,
001-1204602,encontrado,https://www.activosporcolombia.com/es/inmueble/23046/kr-84-f-3d-150-ap-1226-co-aviva-ph
001-1223375,encontrado,https://www.activosporcolombia.com/es/unidad-inmobiliaria/475/apartamento-en-gestion-medellin-antioquia
001-1238130,no_publicado,
001-1238138,no_publicado,
001-1256128,no_publicado,
001-1256129,no_publicado,
001-1256132,no_publicado,
001-1256133,no_publicado,
001-1256134,no_publicado,
001-1256140,no_publicado,
001-1256144,no_publicado,
001-1256130,no_publicado,
001-1289574,no_publicado,
001-1289658,no_publicado,
001-1289700,no_publicado,
001-1303559,no_publicado,
001-1262774,encontrado,https://www.activosporcolombia.com/es/inmueble/13965/km-15-vi-las-palmas-cs-3-co-lemont-1
001-1303639,no_publicado,
001-1303558,no_publicado,
001-1305042,no_publicado,
001-1303560,no_publicado,
001-1297200,encontrado,https://www.activosporcolombia.com/es/inmueble/35047/bodega-en-venta-medellin
001-1305394,no_publicado,
001-1305610,no_publicado,
001-1333906,no_publicado,
001-1361373,no_publicado,
001-1367772,no_publicado,
001-1361378,no_publicado,
001-1363387,no_publicado,
001-135890,encontrado,https://www.activosporcolombia.com/es/inmueble/8059/casa-en-venta-medellin
001-14007,no_publicado,
001-138882,encontrado,https://www.activosporcolombia.com/es/inmueble/16951/edificio-en-gestion-medellin-antioquia
001-139288,encontrado,https://www.activosporcolombia.com/es/inmueble/24655/kr-42-16-b-sur-50-lt-6-mz-d
001-151877,encontrado,https://www.activosporcolombia.com/es/unidad-inmobiliaria/326/apartamento-en-gestion-medellin-antioquia
001-199520,no_publicado,
001-191641,no_publicado,
001-156530,encontrado,https://www.activosporcolombia.com/es/inmueble/3854/casa-en-gestion-medellin-antioquia
001-197443,encontrado,https://www.activosporcolombia.com/es/unidad-inmobiliaria/19/hotelmotel-en-venta-la-estrella-antioquia
001-173446,encontrado,https://www.activosporcolombia.com/es/inmueble/26199/casa-en-venta-medellin
001-203723,no_publicado,
001-204298,encontrado,https://www.activosporcolombia.com/es/inmueble/19953/casa-lote-en-venta-medellin-antioquia
001-210246,encontrado,https://www.activosporcolombia.com/es/unidad-inmobiliaria/868/apartamento-en-gestion-medellin-antioquia
001-204535,encontrado,https://www.activosporcolombia.com/es/unidad-inmobiliaria/916/unidad-inmobiliaria-492065
001-210231,encontrado,https://www.activosporcolombia.com/es/unidad-inmobiliaria/868/apartamento-en-gestion-medellin-antioquia
001-207355,encontrado,https://www.activosporcolombia.com/es/inmueble/21685/kr-10-19-sur-120-cs-136
001-291197,no_publicado,
001-274898,encontrado,https://www.activosporcolombia.com/es/unidad-inmobiliaria/394/garaje-en-gestion-medellin-antioquia
001-274897,encontrado,https://www.activosporcolombia.com/es/unidad-inmobiliaria/394/garaje-en-gestion-medellin-antioquia
001-232068,encontrado,https://www.activosporcolombia.com/es/unidad-inmobiliaria/129/lotes-con-construccion-en-venta-medellin
001-338324,no_publicado,
001-310002,encontrado,https://www.activosporcolombia.com/es/unidad-inmobiliaria/19/hotelmotel-en-venta-la-estrella-antioquia
001-312818,encontrado,https://www.activosporcolombia.com/es/unidad-inmobiliaria/398/apartamento-en-venta-medellin
001-312839,encontrado,https://www.activosporcolombia.com/es/unidad-inmobiliaria/398/apartamento-en-venta-medellin
001-312860,encontrado,https://www.activosporcolombia.com/es/unidad-inmobiliaria/398/apartamento-en-venta-medellin
001-312848,encontrado,https://www.activosporcolombia.com/es/unidad-inmobiliaria/398/apartamento-en-venta-medellin
001-312837,encontrado,https://www.activosporcolombia.com/es/unidad-inmobiliaria/398/apartamento-en-venta-medellin
001-311332,encontrado,https://www.activosporcolombia.com/es/unidad-inmobiliaria/584/local-comercial-en-gestion-medellin-antioquia
001-338535,encontrado,https://www.activosporcolombia.com/es/inmueble/5522/local-comercial-en-venta-medellin
001-361621,no_publicado,
001-36672,encontrado,https://www.activosporcolombia.com/es/unidad-inmobiliaria/685/apartamento-en-gestion-medellin-antioquia
001-349637,encontrado,https://www.activosporcolombia.com/es/unidad-inmobiliaria/678/edificio-en-gestion-itagui-antioquia
001-389120,encontrado,https://www.activosporcolombia.com/es/inmueble/21585/casa-en-gestion-medellin-antioquia
001-342205,encontrado,https://www.activosporcolombia.com/es/unidad-inmobiliaria/19/hotelmotel-en-venta-la-estrella-antioquia
001-349611,encontrado,https://www.activosporcolombia.com/es/unidad-inmobiliaria/678/edificio-en-gestion-itagui-antioquia
001-406154,encontrado,https://www.activosporcolombia.com/es/inmueble/5464/casa-en-gestion-medellin-antioquia
001-379392,encontrado,https://www.activosporcolombia.com/es/inmueble/26209/casa-en-venta-medellin
001-410364,encontrado,https://www.activosporcolombia.com/es/inmueble/32277/local-comercial-en-gestion-medellin-antioquia
001-420150,no_publicado,
001-420152,no_publicado,
001-41966,encontrado,https://www.activosporcolombia.com/es/inmueble/21208/garaje-en-gestion-medellin-antioquia
001-45211,encontrado,https://www.activosporcolombia.com/es/inmueble/1272/edificacion-para-hotel-motel-en-gestion-medellin-antioquia
001-439870,encontrado,https://www.activosporcolombia.com/es/unidad-inmobiliaria/320/oficina-y-garaje-en-venta-medellin
001-428374,encontrado,https://www.activosporcolombia.com/es/inmueble/26271/casa-en-gestion-medellin-antioquia
001-469617,encontrado,https://www.activosporcolombia.com/es/unidad-inmobiliaria/590/local-comercial-en-gestion-medellin-antioquia
001-47583,encontrado,https://www.activosporcolombia.com/es/inmueble/28808/local-comercial-en-venta-medellin-antioquia
001-469618,encontrado,https://www.activosporcolombia.com/es/unidad-inmobiliaria/590/local-comercial-en-gestion-medellin-antioquia
001-471635,no_publicado,
001-517165,no_publicado,
001-516916,no_publicado,
001-490161,encontrado,https://www.activosporcolombia.com/es/unidad-inmobiliaria/789/apartamento-en-gestion-medellin-antioquia
001-516212,encontrado,https://www.activosporcolombia.com/es/inmueble/32123/calle-4-sur-38-121-int-0902-direccion-catastral
001-517166,no_publicado,
001-517174,no_publicado,
001-496730,encontrado,https://www.activosporcolombia.com/es/unidad-inmobiliaria/588/casa-en-gestion-medellin-antioquia
001-516459,encontrado,https://www.activosporcolombia.com/es/unidad-inmobiliaria/381/apartamento-en-gestion-medellin-antioquia
001-518550,encontrado,https://www.activosporcolombia.com/es/unidad-inmobiliaria/407/apartamento-en-gestion-itagui-antioquia
001-518551,encontrado,https://www.activosporcolombia.com/es/unidad-inmobiliaria/407/apartamento-en-gestion-itagui-antioquia
001-518552,encontrado,https://www.activosporcolombia.com/es/unidad-inmobiliaria/407/apartamento-en-gestion-itagui-antioquia
001-518553,encontrado,https://www.activosporcolombia.com/es/unidad-inmobiliaria/407/apartamento-en-gestion-itagui-antioquia
001-519319,encontrado,https://www.activosporcolombia.com/es/inmueble/5389/casa-recreo-en-gestion-medellin-antioquia
001-527855,encontrado,https://www.activosporcolombia.com/es/inmueble/490/avaluo-en-gestion-envigado-antioquia
001-533217,encontrado,https://www.activosporcolombia.com/es/inmueble/35972/apartamento-en-gestion-medellin-antioquia
001-533428,encontrado,https://www.activosporcolombia.com/es/unidad-inmobiliaria/864/apartamento-en-gestion-medellin-antioquia
001-533419,encontrado,https://www.activosporcolombia.com/es/unidad-inmobiliaria/864/apartamento-en-gestion-medellin-antioquia
001-536854,no_publicado,
001-539781,no_publicado,
001-533429,encontrado,https://www.activosporcolombia.com/es/unidad-inmobiliaria/864/apartamento-en-gestion-medellin-antioquia
001-534833,encontrado,https://www.activosporcolombia.com/es/unidad-inmobiliaria/870/apartamento-en-gestion-medellin-antioquia
001-591611,no_publicado,
001-550970,encontrado,https://www.activosporcolombia.com/es/inmueble/23845/casa-en-gestion-medellin-antioquia
001-591670,no_publicado,
001-55237,encontrado,https://www.activosporcolombia.com/es/unidad-inmobiliaria/590/local-comercial-en-gestion-medellin-antioquia
001-649056,no_publicado,
001-620083,no_publicado,
001-55329,encontrado,https://www.activosporcolombia.com/es/inmueble/28486/casa-en-venta-medellin
001-608122,encontrado,https://www.activosporcolombia.com/es/inmueble/30171/casa-en-gestion-medellin-antioquia
001-602914,encontrado,https://www.activosporcolombia.com/es/inmueble/23843/casa-en-gestion-medellin-antioquia
001-649099,no_publicado,
001-637171,encontrado,https://www.activosporcolombia.com/es/unidad-inmobiliaria/874/apartamento-en-venta-medellin
001-660853,no_publicado,
001-637210,encontrado,https://www.activosporcolombia.com/es/unidad-inmobiliaria/874/apartamento-en-venta-medellin
001-669919,no_publicado,
001-669921,no_publicado,
001-669918,no_publicado,
001-668128,encontrado,https://www.activosporcolombia.com/es/inmueble/4748/casa-en-gestion-medellin-antioquia
001-669920,no_publicado,
001-669922,no_publicado,
001-650893,encontrado,https://www.activosporcolombia.com/es/unidad-inmobiliaria/784/apartamento-en-gestion-medellin-antioquia
001-669585,encontrado,https://www.activosporcolombia.com/es/inmueble/28607/cl-6-sur-43-a-227-lc-1242
001-669923,no_publicado,
001-669924,no_publicado,
001-719033,no_publicado,
001-669925,no_publicado,
001-720225,no_publicado,
001-68342,no_publicado,
001-724221,no_publicado,
001-69632,encontrado,https://www.activosporcolombia.com/es/inmueble/14080/kr-53-38-44
001-753318,no_publicado,
001-708487,encontrado,https://www.activosporcolombia.com/es/inmueble/38070/lote-en-venta-antioquia-envigado
001-729530,encontrado,https://www.activosporcolombia.com/es/inmueble/19964/local-comercial-en-venta-sabaneta
001-762381,no_publicado,
001-712593,encontrado,https://www.activosporcolombia.com/es/inmueble/3456/casa-en-gestion-envigado-antioquia
001-770017,no_publicado,
001-772534,encontrado,https://www.activosporcolombia.com/es/inmueble/35731/apartamento-en-venta-medellin
001-758116,encontrado,https://www.activosporcolombia.com/es/inmueble/35434/apartamento-en-gestion-envigado-antioquia
001-768176,encontrado,https://www.activosporcolombia.com/es/inmueble/12053/cl-17-47-cs-103-ur-quintas-del-lago
001-777280,no_publicado,
001-777257,no_publicado,
001-777258,no_publicado,
001-777260,no_publicado,
001-780837,no_publicado,
001-800632,encontrado,https://www.activosporcolombia.com/es/unidad-inmobiliaria/860/apartamento-en-gestion-envigado-antioquia
001-810576,encontrado,https://www.activosporcolombia.com/es/unidad-inmobiliaria/357/apartamento-en-venta-medellin
001-810577,encontrado,https://www.activosporcolombia.com/es/unidad-inmobiliaria/357/apartamento-en-venta-medellin
001-800776,encontrado,https://www.activosporcolombia.com/es/unidad-inmobiliaria/860/apartamento-en-gestion-envigado-antioquia
001-800717,encontrado,https://www.activosporcolombia.com/es/unidad-inmobiliaria/860/apartamento-en-gestion-envigado-antioquia
001-826815,encontrado,https://www.activosporcolombia.com/es/unidad-inmobiliaria/859/apartamento-en-gestion-envigado-antioquia
001-828534,encontrado,https://www.activosporcolombia.com/es/unidad-inmobiliaria/357/apartamento-en-venta-medellin
001-810725,encontrado,https://www.activosporcolombia.com/es/unidad-inmobiliaria/357/apartamento-en-venta-medellin
001-828631,encontrado,https://www.activosporcolombia.com/es/unidad-inmobiliaria/357/apartamento-en-venta-medellin
001-841355,no_publicado,
001-840574,encontrado,https://www.activosporcolombia.com/es/inmueble/29207/parqueadero-53-con-pino-viejo-cl-2s-20-75
001-841587,encontrado,https://www.activosporcolombia.com/es/unidad-inmobiliaria/169/garaje-en-gestion-medellin-antioquia
001-840573,encontrado,https://www.activosporcolombia.com/es/inmueble/29199/parqueadero-52-con-pino-viejo-cl-2s-20-75
001-841588,encontrado,https://www.activosporcolombia.com/es/unidad-inmobiliaria/169/garaje-en-gestion-medellin-antioquia
001-839124,encontrado,https://www.activosporcolombia.com/es/unidad-inmobiliaria/859/apartamento-en-gestion-envigado-antioquia
001-848572,encontrado,https://www.activosporcolombia.com/es/inmueble/33012/carrera-58-79-101-ciudadela-parques-de-san-pablo
001-853796,encontrado,https://www.activosporcolombia.com/es/unidad-inmobiliaria/875/apartamento-en-gestion-medellin-antioquia
001-841589,encontrado,https://www.activosporcolombia.com/es/unidad-inmobiliaria/169/garaje-en-gestion-medellin-antioquia
001-853837,encontrado,https://www.activosporcolombia.com/es/unidad-inmobiliaria/875/apartamento-en-gestion-medellin-antioquia
001-873663,no_publicado,
001-861435,encontrado,https://www.activosporcolombia.com/es/unidad-inmobiliaria/358/apartamento-en-venta-medellin
001-861478,encontrado,https://www.activosporcolombia.com/es/unidad-inmobiliaria/358/apartamento-en-venta-medellin
001-863729,encontrado,https://www.activosporcolombia.com/es/unidad-inmobiliaria/69/unidad-inmobiliaria-medellin-antioquia
001-863755,encontrado,https://www.activosporcolombia.com/es/unidad-inmobiliaria/69/unidad-inmobiliaria-medellin-antioquia
001-861455,encontrado,https://www.activosporcolombia.com/es/unidad-inmobiliaria/358/apartamento-en-venta-medellin
001-861454,encontrado,https://www.activosporcolombia.com/es/unidad-inmobiliaria/358/apartamento-en-venta-medellin
001-861479,encontrado,https://www.activosporcolombia.com/es/unidad-inmobiliaria/358/apartamento-en-venta-medellin
001-878428,no_publicado,
001-882060,encontrado,https://www.activosporcolombia.com/es/unidad-inmobiliaria/317/apartamento-en-venta-sabaneta
001-878984,encontrado,https://www.activosporcolombia.com/es/unidad-inmobiliaria/139/apartamento-en-venta-envigado
001-877042,encontrado,https://www.activosporcolombia.com/es/inmueble/6516/edificio-en-venta-medellin
001-891920,encontrado,https://www.activosporcolombia.com/es/inmueble/5194/carrera-27-numero-20-sur-181-int-99015-direccion-catastral
001-878886,encontrado,https://www.activosporcolombia.com/es/unidad-inmobiliaria/139/apartamento-en-venta-envigado
001-897781,encontrado,https://www.activosporcolombia.com/es/unidad-inmobiliaria/493/apartamento-en-gestion-sabaneta-antioquia
001-897735,encontrado,https://www.activosporcolombia.com/es/unidad-inmobiliaria/493/apartamento-en-gestion-sabaneta-antioquia
001-897882,encontrado,https://www.activosporcolombia.com/es/unidad-inmobiliaria/493/apartamento-en-gestion-sabaneta-antioquia
001-916928,no_publicado,
001-906474,no_publicado,
001-925150,no_publicado,
001-903212,encontrado,https://www.activosporcolombia.com/es/unidad-inmobiliaria/382/oficina-en-gestion-medellin-antioquia
001-903210,encontrado,https://www.activosporcolombia.com/es/unidad-inmobiliaria/382/oficina-en-gestion-medellin-antioquia
001-903211,encontrado,https://www.activosporcolombia.com/es/unidad-inmobiliaria/382/oficina-en-gestion-medellin-antioquia
001-917432,encontrado,https://www.activosporcolombia.com/es/inmueble/21696/kr-10-19-sur-120
001-940693,no_publicado,
001-941215,encontrado,https://www.activosporcolombia.com/es/inmueble/30001/casa-en-gestion-medellin-antioquia
001-9338,encontrado,https://www.activosporcolombia.com/es/inmueble/20375/casa-lote-en-gestion-envigado-antioquia
001-945385,no_publicado,
001-945476,no_publicado,
001-950033,no_publicado,
001-950166,no_publicado,
001-948611,encontrado,https://www.activosporcolombia.com/es/unidad-inmobiliaria/873/garaje-en-gestion-medellin-antioquia
001-948530,encontrado,https://www.activosporcolombia.com/es/unidad-inmobiliaria/873/garaje-en-gestion-medellin-antioquia
001-948531,encontrado,https://www.activosporcolombia.com/es/unidad-inmobiliaria/873/garaje-en-gestion-medellin-antioquia
001-948610,encontrado,https://www.activosporcolombia.com/es/unidad-inmobiliaria/873/garaje-en-gestion-medellin-antioquia
001-948532,encontrado,https://www.activosporcolombia.com/es/unidad-inmobiliaria/873/garaje-en-gestion-medellin-antioquia
001-950133,encontrado,https://www.activosporcolombia.com/es/inmueble/29016/lc-119-ps-1-ed-complex-las-vegas-cr-48-25aa-s-70-en-el-que-funciona-establecimiento-de-comercio-sush
001-959377,no_publicado,
001-953099,encontrado,https://www.activosporcolombia.com/es/inmueble/17988/kr-78-a-33-a-16-in-1301-ed-torre-salamanca
001-959378,no_publicado,
001-959435,no_publicado,
001-959396,no_publicado,
001-975476,no_publicado,
001-978359,no_publicado,
001-978423,no_publicado,
001-965635,encontrado,https://www.activosporcolombia.com/es/inmueble/28981/kr-24-36-d-sur-141-cs-34-parcelacion-alamos-del-escobero-ph
001-977114,encontrado,https://www.activosporcolombia.com/es/inmueble/12689/kr-58-77-41-ap-1409-to-6-et-2-co-reserva-del-sur
004-21406,encontrado,https://www.activosporcolombia.com/es/inmueble/30375/calle-6-andes-n0-5-40
008-23666,encontrado,https://www.activosporcolombia.com/es/inmueble/8639/casa-en-venta-carepa
008-19347,encontrado,https://www.activosporcolombia.com/es/inmueble/18902/casa-en-venta-carepa
001-984012,encontrado,https://www.activosporcolombia.com/es/inmueble/24769/apartamento-en-gestion-envigado-antioquia
005-10259,encontrado,https://www.activosporcolombia.com/es/inmueble/14314/cl-49
004-263,encontrado,https://www.activosporcolombia.com/es/inmueble/14334/cs-cl-52-56-21-brr-san-pedro
008-35418,no_publicado,
008-29455,no_publicado,
008-26211,no_publicado,
008-35426,no_publicado,
008-33940,no_publicado,
008-42543,no_publicado,
008-24649,encontrado,https://www.activosporcolombia.com/es/inmueble/16498/casa-en-venta-carepa
008-26302,encontrado,https://www.activosporcolombia.com/es/inmueble/18887/casa-en-venta-carepa
008-43994,no_publicado,
008-39792,no_publicado,
008-43796,no_publicado,
008-24057,encontrado,https://www.activosporcolombia.com/es/inmueble/16517/casa-en-venta-carepa
008-41628,no_publicado,
008-46219,no_publicado,
008-49038,no_publicado,
008-49508,no_publicado,
008-49509,no_publicado,
008-52091,no_publicado,
008-52092,no_publicado,
008-52093,no_publicado,
008-52095,no_publicado,
008-52094,no_publicado,
008-52097,no_publicado,
008-52096,no_publicado,
008-52098,no_publicado,
008-52101,no_publicado,
008-52099,no_publicado,
008-52100,no_publicado,
008-52102,no_publicado,
008-52438,no_publicado,
008-53364,no_publicado,
008-52802,no_publicado,
008-53399,no_publicado,
008-53365,no_publicado,
008-53657,no_publicado,
008-55197,no_publicado,
008-56043,no_publicado,
008-56091,no_publicado,
008-59719,no_publicado,
008-59720,no_publicado,
008-59721,no_publicado,
008-63010,no_publicado,
008-59722,no_publicado,
008-63012,no_publicado,
008-63013,no_publicado,
008-59723,no_publicado,
008-70372,no_publicado,
008-63011,no_publicado,
008-72883,no_publicado,
008-70402,no_publicado,
008-8770,no_publicado,
008-8772,no_publicado,
008-72362,no_publicado,
008-8773,no_publicado,
012-28108,no_publicado,
012-58508,no_publicado,
008-8771,no_publicado,
015-55940,no_publicado,
012-39521,encontrado,https://www.activosporcolombia.com/es/inmueble/21512/apartamento-en-venta-copacabana
012-44486,encontrado,https://www.activosporcolombia.com/es/inmueble/21509/casa-en-gestion-copacabana-antioquia
017-12240,no_publicado,
012-771,encontrado,https://www.activosporcolombia.com/es/inmueble/29783/finca-en-gestion-copacabana-antioquia
015-55423,encontrado,https://www.activosporcolombia.com/es/inmueble/16183/carrera-20-nro-3-130-lote-el-man-centro-comercial-cauca-centro-modulo-a2-local-103-interior-103
015-64874,encontrado,https://www.activosporcolombia.com/es/inmueble/19397/finca-en-gestion-caucasia-antioquia
017-20284,no_publicado,
017-2046,no_publicado,
015-66122,encontrado,https://www.activosporcolombia.com/es/inmueble/13654/sc-hacienda-el-triangulo-lt-3-de-terreno
017-3426,no_publicado,
017-14019,encontrado,https://www.activosporcolombia.com/es/inmueble/9106/casa-en-venta-la-ceja
017-3437,no_publicado,
017-4254,no_publicado,
017-5803,no_publicado,
017-53562,no_publicado,
017-6661,no_publicado,
017-39411,encontrado,https://www.activosporcolombia.com/es/inmueble/9116/casa-en-venta-la-ceja
017-39414,encontrado,https://www.activosporcolombia.com/es/inmueble/31635/lote-en-venta-la-ceja
018-25219,no_publicado,
017-6662,no_publicado,
019-1888,no_publicado,
017-46698,encontrado,https://www.activosporcolombia.com/es/inmueble/9388/lote-en-gestion-la-ceja-antioquia
01N-307644,no_publicado,
01N-39532,no_publicado,
01N-490820,no_publicado,
01N-267151,encontrado,https://www.activosporcolombia.com/es/inmueble/23251/paraje-cuartas
01N-28652,encontrado,https://www.activosporcolombia.com/es/unidad-inmobiliaria/318/edificio-en-venta-medellin
01N-312986,encontrado,https://www.activosporcolombia.com/es/inmueble/23230/paraje-cuartas
01N-353938,encontrado,https://www.activosporcolombia.com/es/unidad-inmobiliaria/742/lote-en-venta-san-pedro-de-cartago
01N-465835,encontrado,https://www.activosporcolombia.com/es/unidad-inmobiliaria/742/lote-en-venta-san-pedro-de-cartago
01N-475567,encontrado,https://www.activosporcolombia.com/es/unidad-inmobiliaria/628/casa-en-gestion-medellin-antioquia
01N-5175835,no_publicado,
01N-5186771,no_publicado,
01N-5065593,encontrado,https://www.activosporcolombia.com/es/inmueble/23220/paraje-cuartas
01N-5188928,no_publicado,
01N-5081383,encontrado,https://www.activosporcolombia.com/es/unidad-inmobiliaria/814/apartamento-en-gestion-medellin-antioquia
01N-5081434,encontrado,https://www.activosporcolombia.com/es/unidad-inmobiliaria/814/apartamento-en-gestion-medellin-antioquia
01N-5141346,encontrado,https://www.activosporcolombia.com/es/inmueble/23646/casa-en-venta-medellin
01N-5186851,encontrado,https://www.activosporcolombia.com/es/inmueble/33021/torre-1-etapa-2a-ubicada-en-la-calle-52-n0-74-74-conjunto-residencial-estadio-de-la-plaza
01N-5304313,no_publicado,
01N-5350520,no_publicado,
01N-5188979,encontrado,https://www.activosporcolombia.com/es/unidad-inmobiliaria/628/casa-en-gestion-medellin-antioquia
01n-90390,no_publicado,
01N-5387577,encontrado,https://www.activosporcolombia.com/es/unidad-inmobiliaria/876/apartamento-en-gestion-medellin-antioquia
01n-90391,no_publicado,
01N-5387297,encontrado,https://www.activosporcolombia.com/es/unidad-inmobiliaria/876/apartamento-en-gestion-medellin-antioquia
01N-7240,encontrado,https://www.activosporcolombia.com/es/unidad-inmobiliaria/318/edificio-en-venta-medellin
020-12075,no_publicado,
020-195,no_publicado,
01N-91296,encontrado,https://www.activosporcolombia.com/es/unidad-inmobiliaria/940/unidad-inmobiliaria-487252
020-16089,encontrado,https://www.activosporcolombia.com/es/inmueble/958/lt-la-mosca
020-34564,no_publicado,
020-50772,no_publicado,
020-27377,no_publicado,
020-51924,no_publicado,
020-21430,encontrado,https://www.activosporcolombia.com/es/inmueble/2076/casa-recreo-en-gestion-rionegro-antioquia
020-20456,encontrado,https://www.activosporcolombia.com/es/unidad-inmobiliaria/686/lote-en-gestion-rionegro-antioquia
020-3132,encontrado,https://www.activosporcolombia.com/es/inmueble/30218/finca-en-gestion-rionegro-antioquia
020-65932,no_publicado,
020-73167,no_publicado,
020-8394,no_publicado,
020-67825,encontrado,https://www.activosporcolombia.com/es/inmueble/26455/lote-en-venta-rionegro
020-51105,encontrado,https://www.activosporcolombia.com/es/inmueble/21190/lote-en-gestion-guarne-antioquia
020-73166,encontrado,https://www.activosporcolombia.com/es/inmueble/32403/lt-1-paraje-la-convencion
020-78057,encontrado,https://www.activosporcolombia.com/es/inmueble/27233/lote-en-gestion-guarne-antioquia
023-12146,no_publicado,
020-8847,encontrado,https://www.activosporcolombia.com/es/inmueble/26381/casa-recreo-en-gestion-rionegro-antioquia
020-84673,encontrado,https://www.activosporcolombia.com/es/inmueble/18620/lt-4-en-via-vilachagua
023-16505,no_publicado,
023-15166,no_publicado,
023-14692,no_publicado,
023-16506,no_publicado,
027-25390,no_publicado,
029-18424,no_publicado,
027-3875,no_publicado,
034-10136,no_publicado,
029-35024,no_publicado,
024-11035,encontrado,https://www.activosporcolombia.com/es/inmueble/30190/casa-lote-en-gestion-santa-fe-de-antioquia-antioquia
034-10450,no_publicado,
028-15774,encontrado,https://www.activosporcolombia.com/es/inmueble/38113/parcela-en-venta-sonson-antioquia
034-13564,no_publicado,
034-1154,no_publicado,
024-14339,encontrado,https://www.activosporcolombia.com/es/inmueble/30186/casa-lote-en-gestion-santa-fe-de-antioquia-antioquia
034-33134,no_publicado,
034-52715,no_publicado,
034-67380,no_publicado,
034-67292,encontrado,https://www.activosporcolombia.com/es/unidad-inmobiliaria/603/lote-en-gestion-turbo-antioquia
034-67294,encontrado,https://www.activosporcolombia.com/es/unidad-inmobiliaria/603/lote-en-gestion-turbo-antioquia
034-67398,encontrado,https://www.activosporcolombia.com/es/unidad-inmobiliaria/603/lote-en-gestion-turbo-antioquia
034-67293,encontrado,https://www.activosporcolombia.com/es/unidad-inmobiliaria/603/lote-en-gestion-turbo-antioquia
040-118084,encontrado,https://www.activosporcolombia.com/es/inmueble/32173/casa-en-gestion-barranquilla-atlantico
040-139676,encontrado,https://www.activosporcolombia.com/es/unidad-inmobiliaria/421/local-comercial-en-gestion-barranquilla-atlantico
040-139718,encontrado,https://www.activosporcolombia.com/es/unidad-inmobiliaria/400/local-comercial-en-gestion-barranquilla-atlantico
040-139748,no_publicado,
040-139749,no_publicado,
040-139677,encontrado,https://www.activosporcolombia.com/es/unidad-inmobiliaria/421/local-comercial-en-gestion-barranquilla-atlantico
040-139767,encontrado,https://www.activosporcolombia.com/es/unidad-inmobiliaria/421/local-comercial-en-gestion-barranquilla-atlantico
040-14057,encontrado,https://www.activosporcolombia.com/es/inmueble/13227/cr-55-72-73
040-139719,encontrado,https://www.activosporcolombia.com/es/unidad-inmobiliaria/400/local-comercial-en-gestion-barranquilla-atlantico
040-170148,encontrado,https://www.activosporcolombia.com/es/inmueble/11673/apartamento-en-gestion-barranquilla-atlantico
040-139768,encontrado,https://www.activosporcolombia.com/es/unidad-inmobiliaria/421/local-comercial-en-gestion-barranquilla-atlantico
040-139769,encontrado,https://www.activosporcolombia.com/es/unidad-inmobiliaria/421/local-comercial-en-gestion-barranquilla-atlantico
040-167721,encontrado,https://www.activosporcolombia.com/es/inmueble/13244/brr-chiquinquira-cl-40-27-61-cs
040-198940,encontrado,https://www.activosporcolombia.com/es/inmueble/8139/edificio-en-gestion-barranquilla-atlantico
040-225103,no_publicado,
040-218111,no_publicado,
040-218117,no_publicado,
040-208744,encontrado,https://www.activosporcolombia.com/es/inmueble/28372/local-comercial-en-gestion-barranquilla-atlantico
040-225085,no_publicado,
040-225145,no_publicado,
040-227924,encontrado,https://www.activosporcolombia.com/es/inmueble/28375/local-comercial-en-gestion-barranquilla-atlantico
040-203173,encontrado,https://www.activosporcolombia.com/es/inmueble/80/local-comercial-en-venta-barranquilla-atlantico
040-238086,encontrado,https://www.activosporcolombia.com/es/inmueble/24845/casa-en-gestion-barranquilla-atlantico
040-277153,encontrado,https://www.activosporcolombia.com/es/inmueble/12697/casa-en-gestion-barranquilla-atlantico
040-238956,encontrado,https://www.activosporcolombia.com/es/unidad-inmobiliaria/82/apartamento-en-venta-barranquilla-atlantico
040-278077,encontrado,https://www.activosporcolombia.com/es/unidad-inmobiliaria/783/apartamento-en-gestion-barranquilla-atlantico
040-278104,encontrado,https://www.activosporcolombia.com/es/unidad-inmobiliaria/783/apartamento-en-gestion-barranquilla-atlantico
040-278927,encontrado,https://www.activosporcolombia.com/es/inmueble/27314/apartamento-en-gestion-barranquilla-atlantico
040-278078,encontrado,https://www.activosporcolombia.com/es/unidad-inmobiliaria/783/apartamento-en-gestion-barranquilla-atlantico
040-400541,no_publicado,
040-285679,encontrado,https://www.activosporcolombia.com/es/inmueble/30591/apartamento-en-gestion-barranquilla-atlantico
040-284894,encontrado,https://www.activosporcolombia.com/es/inmueble/9703/aapartamento-en-venta-barranquilla-atlantico
040-321561,encontrado,https://www.activosporcolombia.com/es/inmueble/5532/local-20-manzana-80-calle-76-no-74-61
040-323036,encontrado,https://www.activosporcolombia.com/es/inmueble/29835/local-comercial-en-gestion-barranquilla-atlantico
040-332865,encontrado,https://www.activosporcolombia.com/es/inmueble/3950/apartamento-7b-carrera-52-no-82-135-edificio-casa-bella
040-383961,encontrado,https://www.activosporcolombia.com/es/inmueble/34890/casa-en-gestion-barranquilla-atlantico
040-416423,encontrado,https://www.activosporcolombia.com/es/inmueble/9660/casa-en-venta-barranquilla
040-312425,encontrado,https://www.activosporcolombia.com/es/unidad-inmobiliaria/352/apartamento-en-gestion-barranquilla-atlantico
040-455490,no_publicado,
040-459150,no_publicado,
040-456648,encontrado,https://www.activosporcolombia.com/es/inmueble/20387/apartamento-en-venta-barranquilla
040-4468,encontrado,https://www.activosporcolombia.com/es/inmueble/11677/casa-en-venta-barranquilla
040-451692,encontrado,https://www.activosporcolombia.com/es/inmueble/33406/apartamento-en-venta-barranquilla
040-517623,no_publicado,
040-476484,encontrado,https://www.activosporcolombia.com/es/inmueble/12011/apartamento-en-venta-barranquilla
040-456812,encontrado,https://www.activosporcolombia.com/es/inmueble/5379/apartamento-en-venta-barranquilla
040-456803,encontrado,https://www.activosporcolombia.com/es/inmueble/16131/apartamento-en-venta-barranquilla
040-510094,encontrado,https://www.activosporcolombia.com/es/inmueble/18594/apartamento-en-venta-barranquilla
060-105425,no_publicado,
040-531402,encontrado,https://www.activosporcolombia.com/es/inmueble/25143/apartamento-en-gestion-barranquilla-atlantico
040-554098,encontrado,https://www.activosporcolombia.com/es/inmueble/5467/apartamento-en-gestion-barranquilla-atlantico
040-53381,encontrado,https://www.activosporcolombia.com/es/inmueble/13636/cr-51-79-53
040-53818,encontrado,https://www.activosporcolombia.com/es/unidad-inmobiliaria/612/lote-en-gestion-tubara-atlantico
040-559346,encontrado,https://www.activosporcolombia.com/es/inmueble/10455/apartamento-en-gestion-barranquilla-atlantico
040-551093,encontrado,https://www.activosporcolombia.com/es/inmueble/5390/apartamento-en-gestion-barranquilla-atlantico
040-73537,encontrado,https://www.activosporcolombia.com/es/inmueble/12796/bodega-en-gestion-barranquilla-atlantico
060-110815,encontrado,https://www.activosporcolombia.com/es/unidad-inmobiliaria/703/apartamento-en-gestion-cartagena-de-indias-bolivar
060-124635,no_publicado,
060-134471,no_publicado,
060-127383,no_publicado,
060-156282,no_publicado,
060-143553,no_publicado,
060-161141,encontrado,https://www.activosporcolombia.com/es/inmueble/3210/cl-6a-con-cr-5a-gj-23-ed-bocabahia
060-110821,encontrado,https://www.activosporcolombia.com/es/unidad-inmobiliaria/703/apartamento-en-gestion-cartagena-de-indias-bolivar
060-161142,encontrado,https://www.activosporcolombia.com/es/unidad-inmobiliaria/855/apartamento-en-gestion-cartagena-de-indias-bolivar
060-149749,encontrado,https://www.activosporcolombia.com/es/inmueble/10545/apartamento-en-gestion-cartagena-de-indias-bolivar
060-161130,encontrado,https://www.activosporcolombia.com/es/inmueble/35301/garaje-en-venta-cartagena
060-161161,encontrado,https://www.activosporcolombia.com/es/inmueble/35307/deposito-en-venta-cartagena
060-161147,encontrado,https://www.activosporcolombia.com/es/unidad-inmobiliaria/361/ap-1501-cll-6-a-cra-5-a-brr-bocagrande-ed-boca-bahia
060-161171,encontrado,https://www.activosporcolombia.com/es/inmueble/3215/cl-6a-con-cr-5a-do-21-ed-bocabahia
060-166135,no_publicado,
060-161670,no_publicado,
060-166209,no_publicado,
060-161188,encontrado,https://www.activosporcolombia.com/es/inmueble/3222/cl-6a-con-cr-5a-ap-701-ed-bocabahia
060-161204,encontrado,https://www.activosporcolombia.com/es/unidad-inmobiliaria/361/ap-1501-cll-6-a-cra-5-a-brr-bocagrande-ed-boca-bahia
060-161174,encontrado,https://www.activosporcolombia.com/es/unidad-inmobiliaria/361/ap-1501-cll-6-a-cra-5-a-brr-bocagrande-ed-boca-bahia
060-166145,encontrado,https://www.activosporcolombia.com/es/inmueble/29041/garaje-14-ed-la-boquilla-marina-club-p-h-en-la-boquilla
060-166186,encontrado,https://www.activosporcolombia.com/es/inmueble/29045/ap-104-ed-la-boquilla-marina-club-p-h-en-la-boquilla
060-167203,no_publicado,
060-161200,encontrado,https://www.activosporcolombia.com/es/inmueble/35319/apartamento-en-venta-cartagena
060-187226,no_publicado,
060-1979,no_publicado,
060-193736,no_publicado,
060-233349,no_publicado,
060-1757,encontrado,https://www.activosporcolombia.com/es/inmueble/20849/apartamento-en-gestion-cartagena-de-indias-bolivar
060-243180,no_publicado,
060-237010,no_publicado,
060-187525,encontrado,https://www.activosporcolombia.com/es/inmueble/5905/oficina-en-gestion-cartagena-de-indias-bolivar
060-22284,encontrado,https://www.activosporcolombia.com/es/inmueble/9312/lote-en-gestion-cartagena-de-indias-bolivar
060-247126,encontrado,https://www.activosporcolombia.com/es/inmueble/5222/apartamento-en-gestion-cartagena-de-indias-bolivar
060-243312,encontrado,https://www.activosporcolombia.com/es/inmueble/2193/apartamento-en-gestion-cartagena-de-indias-bolivar
060-217643,encontrado,https://www.activosporcolombia.com/es/unidad-inmobiliaria/466/apartamento-en-gestion-cartagena-de-indias-bolivar
060-29457,encontrado,https://www.activosporcolombia.com/es/inmueble/22589/isla-en-gestion-cartagena-de-indias-bolivar
060-324373,no_publicado,
060-304278,no_publicado,
060-29458,encontrado,https://www.activosporcolombia.com/es/inmueble/22604/lote-en-gestion-cartagena-de-indias-bolivar
060-29459,encontrado,https://www.activosporcolombia.com/es/inmueble/22619/lote-en-gestion-cartagena-de-indias-bolivar
060-34298,no_publicado,
060-33526,no_publicado,
060-5716,no_publicado,
060-79019,no_publicado,
060-33251,encontrado,https://www.activosporcolombia.com/es/inmueble/3232/edificacion-para-hotel-motel-en-gestion-cartagena-de-indias-bolivar
060-44786,encontrado,https://www.activosporcolombia.com/es/inmueble/12563/casa-en-gestion-cartagena-de-indias-bolivar
060-33247,encontrado,https://www.activosporcolombia.com/es/inmueble/3225/edificacion-para-hotel-motel-en-gestion-cartagena-de-indias-bolivar
060-86472,no_publicado,
060-67333,no_publicado,
060-64701,encontrado,https://www.activosporcolombia.com/es/inmueble/11483/apartamento-en-gestion-cartagena-de-indias-bolivar
060-81688,encontrado,https://www.activosporcolombia.com/es/inmueble/16860/apartamento-en-venta-cartagena-de-indias-bolivar
060-99031,encontrado,https://www.activosporcolombia.com/es/inmueble/33310/garaje-en-gestion-cartagena-de-indias-bolivar
064-28867,encontrado,https://www.activosporcolombia.com/es/unidad-inmobiliaria/473/apartamento-en-gestion-magangue-bolivar
060-91280,encontrado,https://www.activosporcolombia.com/es/inmueble/11593/casa-lote-en-gestion-cartagena-de-indias-bolivar
064-24669,encontrado,https://www.activosporcolombia.com/es/inmueble/9288/casa-en-venta-magangue
072-32084,encontrado,https://www.activosporcolombia.com/es/unidad-inmobiliaria/580/lote-en-gestion-maripi-boyaca
064-28868,encontrado,https://www.activosporcolombia.com/es/unidad-inmobiliaria/473/apartamento-en-gestion-magangue-bolivar
064-3552,encontrado,https://www.activosporcolombia.com/es/inmueble/17363/casa-en-venta-magangue
072-26107,encontrado,https://www.activosporcolombia.com/es/inmueble/20328/lote-en-gestion-maripi-boyaca
072-45015,encontrado,https://www.activosporcolombia.com/es/inmueble/20489/lote-con-construccion-en-gestion-maripi-boyaca
072-45171,encontrado,https://www.activosporcolombia.com/es/unidad-inmobiliaria/580/lote-en-gestion-maripi-boyaca
072-5897,encontrado,https://www.activosporcolombia.com/es/unidad-inmobiliaria/580/lote-en-gestion-maripi-boyaca
079-2576,encontrado,https://www.activosporcolombia.com/es/unidad-inmobiliaria/682/santa-cecilia
079-21365,encontrado,https://www.activosporcolombia.com/es/unidad-inmobiliaria/682/santa-cecilia
079-26788,encontrado,https://www.activosporcolombia.com/es/inmueble/16009/las-mercedes
079-1155,encontrado,https://www.activosporcolombia.com/es/inmueble/15982/el-recreo
079-29163,encontrado,https://www.activosporcolombia.com/es/unidad-inmobiliaria/682/santa-cecilia
080-3506,no_publicado,
080-104479,encontrado,https://www.activosporcolombia.com/es/unidad-inmobiliaria/586/apartamento-en-gestion-santa-marta-magdalena
079-29450,encontrado,https://www.activosporcolombia.com/es/unidad-inmobiliaria/682/santa-cecilia
080-26084,encontrado,https://www.activosporcolombia.com/es/unidad-inmobiliaria/657/apartamento-en-gestion-santa-marta-magdalena
080-1624,encontrado,https://www.activosporcolombia.com/es/inmueble/5402/edificacion-para-hotel-motel-en-venta-santa-marta-magdalena
080-23378,encontrado,https://www.activosporcolombia.com/es/inmueble/13221/lote-en-gestion-santa-marta-magdalena
080-26085,encontrado,https://www.activosporcolombia.com/es/unidad-inmobiliaria/657/apartamento-en-gestion-santa-marta-magdalena
080-122059,encontrado,https://www.activosporcolombia.com/es/unidad-inmobiliaria/500/casa-en-gestion-santa-marta-magdalena
080-59523,no_publicado,
080-41849,encontrado,https://www.activosporcolombia.com/es/unidad-inmobiliaria/585/casa-en-gestion-santa-marta-magdalena
080-58289,encontrado,https://www.activosporcolombia.com/es/unidad-inmobiliaria/634/apartamento-en-gestion-santa-marta-magdalena
080-9982,no_publicado,
080-41850,encontrado,https://www.activosporcolombia.com/es/unidad-inmobiliaria/585/casa-en-gestion-santa-marta-magdalena
080-68092,encontrado,https://www.activosporcolombia.com/es/inmueble/88/local-comercial-en-arriendo-santa-marta-magdalena
080-68935,encontrado,https://www.activosporcolombia.com/es/inmueble/26579/local-comercial-en-gestion-santa-marta-magdalena
080-74331,encontrado,https://www.activosporcolombia.com/es/inmueble/22041/local-comercial-en-gestion-santa-marta-magdalena
080-61564,encontrado,https://www.activosporcolombia.com/es/inmueble/28465/lote-ubicado-sobre-la-carretera-central-del-caribe-zona-industrial
100-11713,encontrado,https://www.activosporcolombia.com/es/inmueble/16973/casa-en-venta-manizales
100-123664,no_publicado,
103-1902,no_publicado,
103-25072,no_publicado,
100-22365,encontrado,https://www.activosporcolombia.com/es/inmueble/29559/lote-en-gestion-manizales-caldas
100-40421,encontrado,https://www.activosporcolombia.com/es/inmueble/17274/casa-en-venta-manizales-caldas
100-17480,encontrado,https://www.activosporcolombia.com/es/inmueble/8042/lote-en-venta-chinchina-caldas
100-9831,encontrado,https://www.activosporcolombia.com/es/inmueble/17211/casa-en-venta-caldas-manizales
106-17827,encontrado,https://www.activosporcolombia.com/es/inmueble/21078/casa-en-venta-la-dorada
106-5661,encontrado,https://www.activosporcolombia.com/es/inmueble/16431/cl-14-4-48-52-44
114-16637,encontrado,https://www.activosporcolombia.com/es/inmueble/25351/local-comercial-en-gestion-samana-caldas
114-16638,encontrado,https://www.activosporcolombia.com/es/inmueble/25354/carrera-9-5-57-79-edificio-dona-celina-primera-planta-local-comercial-tres-2-c-9-01-15
118-12614,no_publicado,
114-16641,encontrado,https://www.activosporcolombia.com/es/unidad-inmobiliaria/496/casa-en-gestion-samana-caldas
114-16642,encontrado,https://www.activosporcolombia.com/es/inmueble/25364/casa-en-gestion-samana-caldas
114-16640,encontrado,https://www.activosporcolombia.com/es/unidad-inmobiliaria/496/casa-en-gestion-samana-caldas
120-85183,encontrado,https://www.activosporcolombia.com/es/inmueble/28469/casa-en-gestion-popayan-cauca
120-94196,encontrado,https://www.activosporcolombia.com/es/inmueble/3422/casa-en-gestion-popayan-cauca
118-9771,encontrado,https://www.activosporcolombia.com/es/inmueble/32468/casa-en-gestion-salamina-caldas
132-10915,encontrado,https://www.activosporcolombia.com/es/inmueble/5492/local-comercial-en-gestion-santander-de-quilichao-cauca
132-15225,encontrado,https://www.activosporcolombia.com/es/inmueble/17460/casa-en-gestion-santander-de-quilichao-cauca
132-37119,encontrado,https://www.activosporcolombia.com/es/inmueble/21080/casa-en-gestion-santander-de-quilichao-cauca
132-38151,encontrado,https://www.activosporcolombia.com/es/inmueble/20111/casa-en-gestion-santander-de-quilichao-cauca
132-6184,encontrado,https://www.activosporcolombia.com/es/inmueble/22205/casa-lote-santander-de-qulichao
132-38193,encontrado,https://www.activosporcolombia.com/es/inmueble/20129/casa-en-gestion-santander-de-quilichao-cauca
132-7621,encontrado,https://www.activosporcolombia.com/es/inmueble/27858/casa-en-gestion-santander-de-quilichao-cauca
140-118933,encontrado,https://www.activosporcolombia.com/es/unidad-inmobiliaria/489/apartamento-en-gestion-monteria-cordoba
140-103759,encontrado,https://www.activosporcolombia.com/es/inmueble/20582/cl-22-22-08
140-118952,encontrado,https://www.activosporcolombia.com/es/unidad-inmobiliaria/489/apartamento-en-gestion-monteria-cordoba
140-68016,encontrado,https://www.activosporcolombia.com/es/inmueble/16615/manzana-1-lote-18
140-35039,encontrado,https://www.activosporcolombia.com/es/inmueble/26778/apartamento-en-gestion-monteria-cordoba
140-61746,encontrado,https://www.activosporcolombia.com/es/inmueble/13866/casa-en-gestion-monteria-cordoba
140-158976,encontrado,https://www.activosporcolombia.com/es/inmueble/4228/cl-42-1-d-36-lc-1-el-mantial
140-1647,encontrado,https://www.activosporcolombia.com/es/inmueble/14223/casa-en-gestion-monteria-cordoba
140-51460,encontrado,https://www.activosporcolombia.com/es/inmueble/12753/casa-en-venta-monteria
140-56047,encontrado,https://www.activosporcolombia.com/es/inmueble/12766/lote-en-gestion-monteria-cordoba
140-80317,encontrado,https://www.activosporcolombia.com/es/inmueble/14035/finca-en-gestion-monteria-cordoba
143-8689,no_publicado,
148-38153,no_publicado,
148-3570,no_publicado,
157-2357,no_publicado,
148-19742,encontrado,https://www.activosporcolombia.com/es/inmueble/27485/finca-en-venta-sahagun
156-47585,encontrado,https://www.activosporcolombia.com/es/inmueble/5457/casa-en-gestion-facatativa-cundinamarca
156-9221,encontrado,https://www.activosporcolombia.com/es/inmueble/16120/finca-en-gestion-sasaima-cundinamarca
156-65934,encontrado,https://www.activosporcolombia.com/es/inmueble/17160/lote-en-gestion-sasaima-cundinamarca
157-35368,encontrado,https://www.activosporcolombia.com/es/inmueble/18942/lote-en-gestion-fusagasuga-cundinamarca
157-42454,encontrado,https://www.activosporcolombia.com/es/inmueble/30752/lc-102-cc-avenida-las-palmas-av-las-palmas-8-05
157-31000,encontrado,https://www.activosporcolombia.com/es/inmueble/15458/lote-en-gestion-fusagasuga-cundinamarca
157-37936,encontrado,https://www.activosporcolombia.com/es/unidad-inmobiliaria/664/lote-en-gestion-fusagasuga-cundinamarca
157-42457,encontrado,https://www.activosporcolombia.com/es/inmueble/33596/lc-05-cr-8-8-10-ed-centro-comercial
157-47544,encontrado,https://www.activosporcolombia.com/es/inmueble/21677/finca-en-venta-fusagasuga
157-42460,encontrado,https://www.activosporcolombia.com/es/inmueble/30866/cc-av-cr-8-av-las-palmas-lc-201
157-46843,encontrado,https://www.activosporcolombia.com/es/unidad-inmobiliaria/660/lote-en-gestion-fusagasuga-cundinamarca
157-42458,encontrado,https://www.activosporcolombia.com/es/inmueble/33604/lc-6-ed-cc-av-av-las-palmas-cr-8
157-50452,encontrado,https://www.activosporcolombia.com/es/unidad-inmobiliaria/912/unidad-inmobiliaria-515190
157-50453,encontrado,https://www.activosporcolombia.com/es/unidad-inmobiliaria/912/unidad-inmobiliaria-515190
157-67351,encontrado,https://www.activosporcolombia.com/es/inmueble/11614/lote-en-gestion-arbelaez-cundinamarca
157-54291,encontrado,https://www.activosporcolombia.com/es/inmueble/8628/lote-en-gestion-fusagasuga-cundinamarca
160-7346,no_publicado,
166-12561,encontrado,https://www.activosporcolombia.com/es/inmueble/19062/casa-en-gestion-la-mesa-cundinamarca
157-9244,encontrado,https://www.activosporcolombia.com/es/inmueble/30849/cs-lt-cr-7-7-26-fusagasuga
166-3218,encontrado,https://www.activosporcolombia.com/es/inmueble/21774/casa-en-venta-el-colegio
166-53257,encontrado,https://www.activosporcolombia.com/es/inmueble/35922/casa-lote-en-gestion-anapoima-cundinamarca
176-119728,encontrado,https://www.activosporcolombia.com/es/inmueble/13659/lt-1
176-103813,encontrado,https://www.activosporcolombia.com/es/inmueble/23080/casa-en-gestion-sopo-cundinamarca
176-119730,encontrado,https://www.activosporcolombia.com/es/inmueble/13691/lt-3
176-119729,encontrado,https://www.activosporcolombia.com/es/inmueble/13673/lt-2
176-62057,no_publicado,
176-61947,no_publicado,
176-130305,no_publicado,
180-21852,no_publicado,
176-119731,encontrado,https://www.activosporcolombia.com/es/inmueble/13710/lt-4
200-128508,no_publicado,
176-62251,encontrado,https://www.activosporcolombia.com/es/inmueble/638/lote-en-venta-sopo-cundinamarca
200-128502,no_publicado,
176-119732,encontrado,https://www.activosporcolombia.com/es/inmueble/13731/lt-area-de-reserva-para-vi-de-acceso
192-24513,encontrado,https://www.activosporcolombia.com/es/inmueble/26283/casa-lote-en-gestion-pelaya-cesar
190-85028,encontrado,https://www.activosporcolombia.com/es/inmueble/15731/casa-en-gestion-valledupar-cesar
200-100281,encontrado,https://www.activosporcolombia.com/es/inmueble/194/casa-en-venta-neiva
200-161345,encontrado,https://www.activosporcolombia.com/es/inmueble/195/casa-en-venta-neiva
200-16507,no_publicado,
200-233343,no_publicado,
200-20418,encontrado,https://www.activosporcolombia.com/es/inmueble/21762/local-comercial-en-gestion-neiva-huila
200-213518,encontrado,https://www.activosporcolombia.com/es/inmueble/462/avaluo-en-gestion-neiva-huila
200-180041,encontrado,https://www.activosporcolombia.com/es/inmueble/37879/casa-en-venta-neiva-huila
200-194800,encontrado,https://www.activosporcolombia.com/es/inmueble/214/lote-en-venta-neiva-huila
200-163929,encontrado,https://www.activosporcolombia.com/es/inmueble/463/avaluo-en-gestion-neiva-huila
200-27033,no_publicado,
200-180080,encontrado,https://www.activosporcolombia.com/es/inmueble/356/casa-en-venta-neiva-huila
200-36243,no_publicado,
206-7716,no_publicado,
202-65424,no_publicado,
200-44657,no_publicado,
200-70648,encontrado,https://www.activosporcolombia.com/es/inmueble/17358/bodega-en-venta-neiva
206-56088,encontrado,https://www.activosporcolombia.com/es/inmueble/33952/lote-en-gestion-pitalito-huila
210-11051,encontrado,https://www.activosporcolombia.com/es/inmueble/36494/casa-en-gestion-riohacha-la-guajira
200-44050,encontrado,https://www.activosporcolombia.com/es/inmueble/5932/lote-en-venta-neiva
210-32084,encontrado,https://www.activosporcolombia.com/es/inmueble/8116/casa-en-gestion-riohacha-la-guajira
210-42954,encontrado,https://www.activosporcolombia.com/es/unidad-inmobiliaria/609/casa-en-gestion-riohacha-la-guajira
210-7695,encontrado,https://www.activosporcolombia.com/es/inmueble/7770/lote-con-construccion-en-gestion-riohacha-la-guajira
210-42989,encontrado,https://www.activosporcolombia.com/es/unidad-inmobiliaria/609/casa-en-gestion-riohacha-la-guajira
212-14128,no_publicado,
212-4674,no_publicado,
212-9564,no_publicado,
230-12289,encontrado,https://www.activosporcolombia.com/es/inmueble/12063/kr-39-25-90
230-111965,encontrado,https://www.activosporcolombia.com/es/inmueble/14341/casa-recreo-en-gestion-villavicencio-meta
230-149897,encontrado,https://www.activosporcolombia.com/es/inmueble/822/cl-5-sur-26-26-cs-9-multifamiliar-baja-altura-4
230-16131,encontrado,https://www.activosporcolombia.com/es/inmueble/10042/kr-39-7-d-17-19-21-mz-52-cs-17
230-111966,encontrado,https://www.activosporcolombia.com/es/inmueble/14349/lote-en-venta-villavicencio
230-156065,encontrado,https://www.activosporcolombia.com/es/inmueble/29637/casa-en-gestion-villavicencio-meta
230-18020,encontrado,https://www.activosporcolombia.com/es/inmueble/29/casa-en-venta-villavicencio-meta
230-135751,encontrado,https://www.activosporcolombia.com/es/inmueble/25601/local-comercial-en-gestion-villavicencio-meta
230-210940,no_publicado,
230-210946,no_publicado,
230-210941,no_publicado,
230-210942,no_publicado,
230-210945,no_publicado,
230-210943,no_publicado,
230-210949,no_publicado,
230-210947,no_publicado,
230-210948,no_publicado,
230-210944,encontrado,https://www.activosporcolombia.com/es/inmueble/3906/lote-en-gestion-restrepo-meta
230-210957,no_publicado,
230-210952,encontrado,https://www.activosporcolombia.com/es/inmueble/3988/lote-en-gestion-restrepo-meta
230-210950,encontrado,https://www.activosporcolombia.com/es/inmueble/3952/lote-en-gestion-restrepo-meta
230-210964,no_publicado,
230-210955,encontrado,https://www.activosporcolombia.com/es/inmueble/4008/lote-en-gestion-restrepo-meta
230-210956,encontrado,https://www.activosporcolombia.com/es/inmueble/4029/lote-en-gestion-restrepo-meta
230-210958,no_publicado,
230-210951,encontrado,https://www.activosporcolombia.com/es/inmueble/3964/lote-en-gestion-restrepo-meta
230-33347,no_publicado,
230-63381,encontrado,https://www.activosporcolombia.com/es/unidad-inmobiliaria/819/lote-en-gestion-villavicencio-meta
230-60406,encontrado,https://www.activosporcolombia.com/es/inmueble/24138/local-comercial-en-gestion-villavicencio-meta
230-21819,encontrado,https://www.activosporcolombia.com/es/inmueble/40/parqueadero-en-venta-en-villavivencio-meta
230-63380,encontrado,https://www.activosporcolombia.com/es/unidad-inmobiliaria/819/lote-en-gestion-villavicencio-meta
230-55183,encontrado,https://www.activosporcolombia.com/es/inmueble/21281/kr-41-51-107-sur
230-6333,encontrado,https://www.activosporcolombia.com/es/inmueble/543/casa-recreo-en-venta-villavicencio
230-65626,encontrado,https://www.activosporcolombia.com/es/inmueble/11195/lc-c-lt-3-ps-5-cl-37-a-19-b-97
230-68036,encontrado,https://www.activosporcolombia.com/es/inmueble/33583/apartamento-en-venta-villavicencio
232-38326,encontrado,https://www.activosporcolombia.com/es/unidad-inmobiliaria/93/lote-en-venta-guamal-meta
232-10132,encontrado,https://www.activosporcolombia.com/es/inmueble/11209/finca-en-gestion-acacias-meta
230-92709,encontrado,https://www.activosporcolombia.com/es/inmueble/32066/lote-en-gestion-villavicencio-meta
232-10958,encontrado,https://www.activosporcolombia.com/es/inmueble/6150/casa-en-gestion-acacias-meta
230-86630,encontrado,https://www.activosporcolombia.com/es/inmueble/472/casa-en-venta-villavicencio
232-32964,encontrado,https://www.activosporcolombia.com/es/unidad-inmobiliaria/93/lote-en-venta-guamal-meta
230-85728,encontrado,https://www.activosporcolombia.com/es/inmueble/28/lote-en-venta-villavicencio-meta
232-17266,encontrado,https://www.activosporcolombia.com/es/inmueble/10699/finca-en-gestion-guamal-meta
236-9986,encontrado,https://www.activosporcolombia.com/es/inmueble/32948/local-comercial-en-gestion-granada-meta
232-38327,encontrado,https://www.activosporcolombia.com/es/unidad-inmobiliaria/93/lote-en-venta-guamal-meta
240-104375,encontrado,https://www.activosporcolombia.com/es/inmueble/3015/edificio-en-gestion-pasto-narino
240-193460,encontrado,https://www.activosporcolombia.com/es/inmueble/4338/casa-en-gestion-pasto-narino
244-42100,encontrado,https://www.activosporcolombia.com/es/inmueble/181/casa-en-venta-ipiales
240-61215,encontrado,https://www.activosporcolombia.com/es/inmueble/36073/casa-en-gestion-pasto-narino
232-6278,encontrado,https://www.activosporcolombia.com/es/inmueble/25589/casa-en-venta-acacias
240-93196,encontrado,https://www.activosporcolombia.com/es/inmueble/6933/edificio-en-venta-pasto
244-43977,encontrado,https://www.activosporcolombia.com/es/inmueble/180/casa-en-venta-ipiales-narino
260-116327,encontrado,https://www.activosporcolombia.com/es/inmueble/11772/local-comercial-en-venta-cucuta
244-82073,encontrado,https://www.activosporcolombia.com/es/inmueble/539/parqueadero-comercial-en-venta-ipiales
260-15131,encontrado,https://www.activosporcolombia.com/es/unidad-inmobiliaria/811/lote-en-gestion-san-jose-de-cucuta-norte-de-santander
260-146489,encontrado,https://www.activosporcolombia.com/es/inmueble/16075/casa-en-gestion-san-jose-de-cucuta-norte-de-santander
260-175061,encontrado,https://www.activosporcolombia.com/es/inmueble/32400/cl-41-4-08-mz-7-lt-1-ur-trigal
244-96759,encontrado,https://www.activosporcolombia.com/es/inmueble/212/lote-con-construccion-en-venta-ipiales
260-175062,encontrado,https://www.activosporcolombia.com/es/inmueble/32405/cl-41-414-cs-2-mz-07-cj-residencial-el-trigal-del
260-176022,no_publicado,
260-176024,no_publicado,
260-236587,no_publicado,
260-245997,no_publicado,
260-246065,no_publicado,
260-246058,no_publicado,
260-266973,no_publicado,
260-191899,encontrado,https://www.activosporcolombia.com/es/inmueble/18317/casa-en-venta-cucuta
270-14325,encontrado,https://www.activosporcolombia.com/es/inmueble/20480/local-comercial-en-gestion-ocana-norte-de-santander
260-257249,encontrado,https://www.activosporcolombia.com/es/inmueble/12333/casa-en-venta-cucuta
260-247151,encontrado,https://www.activosporcolombia.com/es/inmueble/12331/casa-en-venta-cucuta
260-247393,encontrado,https://www.activosporcolombia.com/es/inmueble/14467/casa-en-venta-cucuta
260-277232,encontrado,https://www.activosporcolombia.com/es/inmueble/32426/av-variante-la-floresta-6-57-cs-17
270-50197,encontrado,https://www.activosporcolombia.com/es/inmueble/30076/calle-11-esquina-cra-13-suite-residencial-201-edificio-mixto-azul
280-162187,encontrado,https://www.activosporcolombia.com/es/inmueble/11629/casa-6-calle-19-norte-no-10-41-manzana-i
280-178388,no_publicado,
280-187343,no_publicado,
280-172265,no_publicado,
280-187420,no_publicado,
280-166884,encontrado,https://www.activosporcolombia.com/es/inmueble/7520/cr-19-21n-48
280-230922,no_publicado,
280-230923,no_publicado,
280-2083,encontrado,https://www.activosporcolombia.com/es/inmueble/22491/casa-en-venta-armenia
280-230925,no_publicado,
280-230924,no_publicado,
280-230927,no_publicado,
280-230926,no_publicado,
280-230929,no_publicado,
280-230928,no_publicado,
280-98157,no_publicado,
284-7015,no_publicado,
280-2861,encontrado,https://www.activosporcolombia.com/es/inmueble/17109/ap-301-ed-la-pola-armenia-cr-15-22-43
280-59558,encontrado,https://www.activosporcolombia.com/es/inmueble/22612/casa-en-venta-armenia
280-79690,encontrado,https://www.activosporcolombia.com/es/inmueble/25279/cl-23-kr-17-18
280-35672,encontrado,https://www.activosporcolombia.com/es/inmueble/17119/casa-en-gestion-armenia-quindio
280-79691,encontrado,https://www.activosporcolombia.com/es/inmueble/25275/kr-18-22-49-57
284-6609,no_publicado,
290-108545,encontrado,https://www.activosporcolombia.com/es/inmueble/18605/mz-12-cs-5-br-perla-del-sur-cuba
290-117121,no_publicado,
290-126900,no_publicado,
290-126892,no_publicado,
290-116360,encontrado,https://www.activosporcolombia.com/es/unidad-inmobiliaria/492/casa-en-gestion-pereira-risaralda
290-116361,encontrado,https://www.activosporcolombia.com/es/unidad-inmobiliaria/492/casa-en-gestion-pereira-risaralda
290-116406,encontrado,https://www.activosporcolombia.com/es/unidad-inmobiliaria/492/casa-en-gestion-pereira-risaralda
290-140986,no_publicado,
290-120642,encontrado,https://www.activosporcolombia.com/es/inmueble/14103/local-comercial-en-venta-la-virginia
290-13853,no_publicado,
290-136701,encontrado,https://www.activosporcolombia.com/es/inmueble/5097/lt-sec-la-cristalina-vda-alcatracia
290-146278,no_publicado,
290-152025,no_publicado,
290-150159,no_publicado,
290-143529,encontrado,https://www.activosporcolombia.com/es/inmueble/14510/casa-en-gestion-pereira-risaralda
290-152808,no_publicado,
290-148968,no_publicado,
290-15282,no_publicado,
290-153989,no_publicado,
290-156896,no_publicado,
290-158756,no_publicado,
290-152826,encontrado,https://www.activosporcolombia.com/es/inmueble/25208/casa-en-gestion-pereira-risaralda
290-156957,no_publicado,
290-158476,no_publicado,
290-154837,encontrado,https://www.activosporcolombia.com/es/inmueble/25443/lote-en-venta-pereira-risaralda
290-163426,no_publicado,
290-175921,no_publicado,
290-176874,no_publicado,
290-177614,no_publicado,
290-189660,no_publicado,
290-189690,no_publicado,
290-170186,encontrado,https://www.activosporcolombia.com/es/inmueble/22108/casa-en-gestion-pereira-risaralda
290-189888,no_publicado,
290-190078,no_publicado,
290-189759,no_publicado,
290-211334,no_publicado,
290-214314,no_publicado,
290-23365,no_publicado,
290-224137,no_publicado,
290-23299,no_publicado,
290-35783,no_publicado,
290-46721,no_publicado,
290-30258,encontrado,https://www.activosporcolombia.com/es/inmueble/31844/casa-en-gestion-pereira-risaralda
290-49575,no_publicado,
290-45559,encontrado,https://www.activosporcolombia.com/es/inmueble/24039/local-comercial-en-gestion-pereira-risaralda
290-26715,encontrado,https://www.activosporcolombia.com/es/inmueble/36148/lote-en-gestion-pereira-risaralda
290-5114,no_publicado,
290-64934,no_publicado,
290-32958,encontrado,https://www.activosporcolombia.com/es/inmueble/18626/kr-34-a-71-12-barrio-los-sauces
290-66787,no_publicado,
290-67068,no_publicado,
290-74977,no_publicado,
290-67072,no_publicado,
290-82447,no_publicado,
290-94832,no_publicado,
290-94859,no_publicado,
290-94865,no_publicado,
290-95661,no_publicado,
290-75236,encontrado,https://www.activosporcolombia.com/es/inmueble/12124/cl-98-b-15-a-05-lt-1c-mz-c-ur-belmonte
294-149,no_publicado,
290-94886,encontrado,https://www.activosporcolombia.com/es/unidad-inmobiliaria/366/apartamento-en-venta-pereira
294-224137,no_publicado,
294-148,encontrado,https://www.activosporcolombia.com/es/unidad-inmobiliaria/624/apartamento-en-gestion-dosquebradas-risaralda
294-143,encontrado,https://www.activosporcolombia.com/es/unidad-inmobiliaria/624/apartamento-en-gestion-dosquebradas-risaralda
294-18399,encontrado,https://www.activosporcolombia.com/es/inmueble/5705/lote-en-gestion-dosquebradas-risaralda
294-65008,no_publicado,
294-65007,no_publicado,
294-38487,encontrado,https://www.activosporcolombia.com/es/inmueble/16678/casa-en-venta-dosquebradas
294-67648,no_publicado,
294-55985,encontrado,https://www.activosporcolombia.com/es/inmueble/25800/casa-en-venta-dosquebradas
294-71483,no_publicado,
294-71530,no_publicado,
294-99914,no_publicado,
294-99920,no_publicado,
296-14932,no_publicado,
294-7504,no_publicado,
294-74418,encontrado,https://www.activosporcolombia.com/es/inmueble/19573/tv-21-18-180-ap-202-to-3-ul-senderos-de-la-pradera
296-18775,no_publicado,
294-74652,encontrado,https://www.activosporcolombia.com/es/inmueble/19581/tv-21-18-180-ga-94-to-3-ul-residencial-senderos-de-la-pradera
296-1997,no_publicado,
296-29586,no_publicado,
296-25546,no_publicado,
296-66040,no_publicado,
296-44786,no_publicado,
296-66044,no_publicado,
296-19016,encontrado,https://www.activosporcolombia.com/es/inmueble/26313/casa-en-gestion-santa-rosa-de-cabal-risaralda
296-68687,no_publicado,
296-40503,encontrado,https://www.activosporcolombia.com/es/inmueble/17221/casa-lote-en-gestion-santa-rosa-de-cabal-risaralda
296-54858,no_publicado,
296-4303,encontrado,https://www.activosporcolombia.com/es/inmueble/16398/lote-en-gestion-santa-rosa-de-cabal-risaralda
296-69136,no_publicado,
296-70855,no_publicado,
300-160896,no_publicado,
300-154433,no_publicado,
300-155869,no_publicado,
300-160927,no_publicado,
300-155843,no_publicado,
300-153881,encontrado,https://www.activosporcolombia.com/es/inmueble/14153/finca-en-gestion-matanza-santander
300-216088,encontrado,https://www.activosporcolombia.com/es/inmueble/32388/garaje-en-gestion-bucaramanga-santander
300-155841,encontrado,https://www.activosporcolombia.com/es/inmueble/11685/local-comercial-en-venta-bucaramanga
300-28931,no_publicado,
300-206492,encontrado,https://www.activosporcolombia.com/es/inmueble/8259/casa-lote-en-venta-bucaramanga
300-234358,encontrado,https://www.activosporcolombia.com/es/inmueble/34480/bodega-en-gestion-bucaramanga-santander
300-199296,encontrado,https://www.activosporcolombia.com/es/inmueble/9742/apartamento-en-venta-bucaramanga
300-39854,encontrado,https://www.activosporcolombia.com/es/inmueble/13690/local-comercial-en-gestion-bucaramanga-santander
300-287777,encontrado,https://www.activosporcolombia.com/es/inmueble/13224/parqueadero-comercial-en-gestion-bucaramanga-santander
300-52646,encontrado,https://www.activosporcolombia.com/es/inmueble/7227/casa-en-gestion-bucaramanga-santander
307-24716,no_publicado,
307-4781,no_publicado,
307-1732,encontrado,https://www.activosporcolombia.com/es/inmueble/29539/0
307-1874,encontrado,https://www.activosporcolombia.com/es/inmueble/29572/lote-1-b
307-1872,encontrado,https://www.activosporcolombia.com/es/inmueble/29555/lote-3
307-41852,encontrado,https://www.activosporcolombia.com/es/inmueble/31909/casa-en-gestion-ricaurte-cundinamarca
307-4622,encontrado,https://www.activosporcolombia.com/es/inmueble/29606/lote-el-danubio
307-5960,encontrado,https://www.activosporcolombia.com/es/inmueble/32554/condominio-campestre-el-penon-sc-1-cs-200
307-4623,encontrado,https://www.activosporcolombia.com/es/inmueble/29626/lote-el-danubio
307-6057,no_publicado,
314-10781,no_publicado,
307-6075,encontrado,https://www.activosporcolombia.com/es/inmueble/28575/condominio-campestre-el-penon-segundo-sector-lt-85
312-9669,encontrado,https://www.activosporcolombia.com/es/inmueble/21168/casa-en-gestion-malaga-santander
307-62070,encontrado,https://www.activosporcolombia.com/es/inmueble/19342/lote-en-gestion-tocaima-cundinamarca
314-11794,encontrado,https://www.activosporcolombia.com/es/inmueble/8920/cl-1-n-b-16-03
312-4604,encontrado,https://www.activosporcolombia.com/es/inmueble/23207/casa-en-venta-malaga
307-6079,encontrado,https://www.activosporcolombia.com/es/inmueble/37517/casa-en-venta-girardot
314-12925,encontrado,https://www.activosporcolombia.com/es/inmueble/8168/casa-en-venta-piedecuesta
314-14687,encontrado,https://www.activosporcolombia.com/es/inmueble/17884/casa-en-venta-piedecuesta
320-85503,no_publicado,
314-25427,encontrado,https://www.activosporcolombia.com/es/inmueble/3369/casa-en-venta-piedecuesta-santander
321-25061,encontrado,https://www.activosporcolombia.com/es/inmueble/6652/finca-en-gestion-simacota-santander
321-240,encontrado,https://www.activosporcolombia.com/es/inmueble/6639/finca-en-gestion-simacota-santander
321-31507,encontrado,https://www.activosporcolombia.com/es/inmueble/6644/finca-en-gestion-simacota-santander
324-27427,encontrado,https://www.activosporcolombia.com/es/unidad-inmobiliaria/760/finca-en-venta-cimitarra
324-22722,encontrado,https://www.activosporcolombia.com/es/inmueble/13548/finca-en-gestion-cimitarra-santander
324-39335,encontrado,https://www.activosporcolombia.com/es/inmueble/11178/lote-en-gestion-cimitarra-santander
324-27344,encontrado,https://www.activosporcolombia.com/es/unidad-inmobiliaria/760/finca-en-venta-cimitarra
340-52099,no_publicado,
340-5232,no_publicado,
340-108177,encontrado,https://www.activosporcolombia.com/es/unidad-inmobiliaria/602/apartamento-en-gestion-santiago-de-tolu-sucre
340-88385,no_publicado,
340-5175,encontrado,https://www.activosporcolombia.com/es/inmueble/35843/casa-recreo-en-gestion-santiago-de-tolu-sucre
340-108198,encontrado,https://www.activosporcolombia.com/es/unidad-inmobiliaria/602/apartamento-en-gestion-santiago-de-tolu-sucre
324-60506,encontrado,https://www.activosporcolombia.com/es/inmueble/29913/finca-en-gestion-cimitarra-santander
340-58117,encontrado,https://www.activosporcolombia.com/es/inmueble/14069/casa-recreo-en-gestion-sincelejo-sucre
340-66825,encontrado,https://www.activosporcolombia.com/es/inmueble/10040/lote-en-gestion-sincelejo-sucre
350-112074,encontrado,https://www.activosporcolombia.com/es/inmueble/34178/casa-en-gestion-ibague-tolima
350-138079,no_publicado,
350-145666,no_publicado,
350-185841,encontrado,https://www.activosporcolombia.com/es/inmueble/11722/cl-77-14-80-kr-14-8121-conjunto-portal-del-vergel-club-house-y-condominio-casa-lote-b-058
350-185245,encontrado,https://www.activosporcolombia.com/es/inmueble/193/casa-en-venta-ibague-tolima
350-135487,encontrado,https://www.activosporcolombia.com/es/inmueble/31315/cr-10-61-19-cs-43
350-185254,encontrado,https://www.activosporcolombia.com/es/inmueble/25996/casa-en-gestion-ibague-tolima
350-230003,no_publicado,
350-185881,encontrado,https://www.activosporcolombia.com/es/inmueble/11717/cl-77-14-80-kr-14-81-21-cj-portal-del-vergel-club-house-y-condominio-gj-066
350-189971,encontrado,https://www.activosporcolombia.com/es/inmueble/23796/lote-en-gestion-ibague-tolima
350-40151,no_publicado,
350-20473,encontrado,https://www.activosporcolombia.com/es/inmueble/10705/casa-en-gestion-ibague-tolima
350-85503,no_publicado,
360-29084,no_publicado,
360-29086,no_publicado,
366-32230,no_publicado,
357-38515,encontrado,https://www.activosporcolombia.com/es/inmueble/19266/casa-en-gestion-espinal-tolima
366-5448,no_publicado,
360-29180,no_publicado,
350-71911,encontrado,https://www.activosporcolombia.com/es/inmueble/35094/cs-4-urbanizacion-camino-de-vergel
350-71876,encontrado,https://www.activosporcolombia.com/es/inmueble/35102/casa-en-gestion-ibague-tolima
350-8604,encontrado,https://www.activosporcolombia.com/es/inmueble/506/avaluo-en-gestion-ibague-tolima
370-106783,encontrado,https://www.activosporcolombia.com/es/inmueble/25933/local-comercial-en-gestion-cali-valle-del-cauca
370-111497,encontrado,https://www.activosporcolombia.com/es/inmueble/31911/cr-4-2-a-71-ed-miravalle-tr-estelar
370-111041,encontrado,https://www.activosporcolombia.com/es/inmueble/26538/casa-en-gestion-santiago-de-cali-valle-del-cauca
370-11756,encontrado,https://www.activosporcolombia.com/es/inmueble/20204/casa-en-gestion-cali-valle-del-cauca
370-111524,encontrado,https://www.activosporcolombia.com/es/inmueble/31915/ap-1101-cr-4-2a-71-115
370-120561,encontrado,https://www.activosporcolombia.com/es/inmueble/5836/casa-en-gestion-cali-valle-del-cauca
370-111496,encontrado,https://www.activosporcolombia.com/es/inmueble/31905/cr-4-2a-71-pa-72-tr-estelar
370-119995,encontrado,https://www.activosporcolombia.com/es/inmueble/11429/casa-en-gestion-cali-valle-del-cauca
370-121601,no_publicado,
370-124429,encontrado,https://www.activosporcolombia.com/es/inmueble/2736/local-comercial-en-venta-cali-valle-del-cauca
370-124425,encontrado,https://www.activosporcolombia.com/es/inmueble/3107/oficina-en-venta-cali-valle-del-cauca
370-124423,encontrado,https://www.activosporcolombia.com/es/inmueble/3139/local-en-venta-cali-valle-del-cauca
370-124424,encontrado,https://www.activosporcolombia.com/es/inmueble/2732/local-comercial-en-venta-cali-valle-del-cauca
370-124430,encontrado,https://www.activosporcolombia.com/es/inmueble/3930/local-comercial-en-venta-cali-valle-del-cauca
370-124426,encontrado,https://www.activosporcolombia.com/es/inmueble/3113/local-comercial-en-venta-cali-valle-del-cauca
370-124428,encontrado,https://www.activosporcolombia.com/es/inmueble/3145/local-comercial-en-venta-cali-valle-del-cauca
370-124427,encontrado,https://www.activosporcolombia.com/es/inmueble/3121/local-comercial-en-venta-cali-valle-del-cauca
370-136872,no_publicado,
370-131377,no_publicado,
370-124867,encontrado,https://www.activosporcolombia.com/es/unidad-inmobiliaria/152/apartamento-en-gestion-cali-valle-del-cauca
370-124431,encontrado,https://www.activosporcolombia.com/es/inmueble/3151/local-comercial-en-venta-cali
370-124434,encontrado,https://www.activosporcolombia.com/es/inmueble/3127/local-comercial-en-venta-cali-valle-del-cauca
370-124432,encontrado,https://www.activosporcolombia.com/es/inmueble/3157/local-comercial-en-venta-cali-valle-del-cauca
370-124433,encontrado,https://www.activosporcolombia.com/es/inmueble/3936/local-comercial-en-venta-cali-valle-del-cauca
370-140568,encontrado,https://www.activosporcolombia.com/es/unidad-inmobiliaria/629/lote-en-gestion-jamundi-valle-del-cauca
370-171121,no_publicado,
370-15063,encontrado,https://www.activosporcolombia.com/es/inmueble/33461/casa-en-venta-cali
370-20151,no_publicado,
370-160105,no_publicado,
370-171745,no_publicado,
370-18094,encontrado,https://www.activosporcolombia.com/es/inmueble/18274/mz-l-del-br-ciudad-jardin-2-et
370-16487,encontrado,https://www.activosporcolombia.com/es/inmueble/22515/cs-cr-62-9-219-urb-niza
370-169421,encontrado,https://www.activosporcolombia.com/es/inmueble/26459/cl-47-47a-cr-50-49a-mz-c-cs-17
370-214142,no_publicado,
370-211323,encontrado,https://www.activosporcolombia.com/es/inmueble/36262/casa-en-venta-cali
370-214140,no_publicado,
370-220946,no_publicado,
370-221020,no_publicado,
370-211552,encontrado,https://www.activosporcolombia.com/es/inmueble/27943/casa-en-gestion-cali-valle-del-cauca
370-216973,encontrado,https://www.activosporcolombia.com/es/inmueble/31973/casa-en-gestion-cali-valle-del-cauca
370-221388,no_publicado,
370-275298,no_publicado,
370-265397,no_publicado,
370-224792,encontrado,https://www.activosporcolombia.com/es/inmueble/15932/finca-en-gestion-cali-valle-del-cauca
370-262717,encontrado,https://www.activosporcolombia.com/es/inmueble/7161/fi-el-esfuerzo-cgto-el-hormiguero
370-337296,no_publicado,
370-285211,encontrado,https://www.activosporcolombia.com/es/inmueble/18365/finca-en-gestion-cali-valle-del-cauca
370-290072,encontrado,https://www.activosporcolombia.com/es/inmueble/26883/casa-en-gestion-cali-valle-del-cauca
370-312197,encontrado,https://www.activosporcolombia.com/es/inmueble/34717/casa-en-venta-cali
370-34389,encontrado,https://www.activosporcolombia.com/es/inmueble/36332/calle-12-65c-38-urb-el-gran-limonar
370-313693,encontrado,https://www.activosporcolombia.com/es/inmueble/30445/casa-en-venta-cali
370-325299,encontrado,https://www.activosporcolombia.com/es/inmueble/11797/casa-en-gestion-cali-valle-del-cauca
370-346799,encontrado,https://www.activosporcolombia.com/es/inmueble/8859/cs-lt-4-con-villacampestre-cr-114-y-116-10-50
370-347512,no_publicado,
370-35231,no_publicado,
370-348353,encontrado,https://www.activosporcolombia.com/es/inmueble/36704/casa-en-venta-cali-valle-del-cauca
370-357668,no_publicado,
370-349826,encontrado,https://www.activosporcolombia.com/es/inmueble/14847/apartamento-en-venta-cali
370-351475,encontrado,https://www.activosporcolombia.com/es/inmueble/20561/local-comercial-en-gestion-cali-valle-del-cauca
370-354599,encontrado,https://www.activosporcolombia.com/es/unidad-inmobiliaria/58/apartamento-con-garaje-en-venta-cali-valle-del-cauca
370-363416,encontrado,https://www.activosporcolombia.com/es/unidad-inmobiliaria/92/casa-con-garaje-en-venta-cali-valle-del-cauca
370-363424,encontrado,https://www.activosporcolombia.com/es/unidad-inmobiliaria/2/casa-en-venta-cali-el-refugio
370-363442,encontrado,https://www.activosporcolombia.com/es/unidad-inmobiliaria/92/casa-con-garaje-en-venta-cali-valle-del-cauca
370-429833,no_publicado,
370-429835,no_publicado,
370-363450,encontrado,https://www.activosporcolombia.com/es/unidad-inmobiliaria/2/casa-en-venta-cali-el-refugio
370-363672,encontrado,https://www.activosporcolombia.com/es/inmueble/3621/casa-en-venta-cali
370-374215,encontrado,https://www.activosporcolombia.com/es/inmueble/5403/casa-en-venta-cali
370-429834,no_publicado,
370-401398,encontrado,https://www.activosporcolombia.com/es/unidad-inmobiliaria/157/apartamento-en-venta-cali
370-364299,encontrado,https://www.activosporcolombia.com/es/unidad-inmobiliaria/777/apartamento-en-venta-cali
370-438441,encontrado,https://www.activosporcolombia.com/es/inmueble/17300/lc-202-cc-cuidad-jardin-cl-18-106-98
370-490446,no_publicado,
370-460534,encontrado,https://www.activosporcolombia.com/es/inmueble/8752/garaje-en-gestion-cali-valle-del-cauca
370-460676,encontrado,https://www.activosporcolombia.com/es/inmueble/3010/apartamento-en-gestion-santiago-de-cali-valle-del-cauca
370-460726,encontrado,https://www.activosporcolombia.com/es/inmueble/2699/apartamento-en-gestion-cali-valle-del-cauca
370-460753,encontrado,https://www.activosporcolombia.com/es/inmueble/2575/apartamento-en-gestion-cali-valle-del-cauca
370-523080,no_publicado,
370-483809,encontrado,https://www.activosporcolombia.com/es/unidad-inmobiliaria/706/apartamento-en-gestion-santiago-de-cali-valle-del-cauca
370-513736,encontrado,https://www.activosporcolombia.com/es/inmueble/560/casa-en-venta-cali
370-526458,no_publicado,
370-49716,encontrado,https://www.activosporcolombia.com/es/inmueble/28215/casa-en-gestion-santiago-de-cali-valle-del-cauca
370-550932,no_publicado,
370-54138,encontrado,https://www.activosporcolombia.com/es/inmueble/18279/mz-l-del-br-ciudad-jardin-2-et
370-550982,encontrado,https://www.activosporcolombia.com/es/inmueble/3861/apartamento-en-gestion-cali-valle-del-cauca
370-550757,encontrado,https://www.activosporcolombia.com/es/inmueble/5521/garaje-en-gestion-cali-valle-del-cauca
370-550783,encontrado,https://www.activosporcolombia.com/es/inmueble/5360/garaje-en-gestion-cali-valle-del-cauca
370-550784,encontrado,https://www.activosporcolombia.com/es/inmueble/5355/garaje-en-gestion-cali-valle-del-cauca
370-550758,encontrado,https://www.activosporcolombia.com/es/inmueble/5515/garaje-en-gestion-cali-valle-del-cauca
370-550986,encontrado,https://www.activosporcolombia.com/es/inmueble/3668/apartamento-en-gestion-cali-valle-del-cauca
370-551003,encontrado,https://www.activosporcolombia.com/es/inmueble/4294/apartamento-en-gestion-cali-valle-del-cauca
370-551044,encontrado,https://www.activosporcolombia.com/es/inmueble/2956/apartamento-en-gestion-cali-valle-del-cauca
370-554178,encontrado,https://www.activosporcolombia.com/es/unidad-inmobiliaria/766/oficina-en-venta-cali
370-551006,encontrado,https://www.activosporcolombia.com/es/inmueble/4263/apartamento-en-gestion-cali-valle-del-cauca
370-554162,encontrado,https://www.activosporcolombia.com/es/unidad-inmobiliaria/766/oficina-en-venta-cali
370-554233,encontrado,https://www.activosporcolombia.com/es/unidad-inmobiliaria/766/oficina-en-venta-cali
370-554261,encontrado,https://www.activosporcolombia.com/es/unidad-inmobiliaria/766/oficina-en-venta-cali
370-554175,encontrado,https://www.activosporcolombia.com/es/unidad-inmobiliaria/766/oficina-en-venta-cali
370-573144,encontrado,https://www.activosporcolombia.com/es/unidad-inmobiliaria/406/apartamento-en-venta-cali
370-59794,no_publicado,
370-607549,no_publicado,
370-617812,encontrado,https://www.activosporcolombia.com/es/inmueble/320/edificio-en-venta-cali
370-602757,encontrado,https://www.activosporcolombia.com/es/inmueble/26251/cs-9-con-jockey-club-iii-cl-12-a-107-25
370-67599,encontrado,https://www.activosporcolombia.com/es/inmueble/13339/casa-en-venta-cali
370-707961,no_publicado,
370-693924,encontrado,https://www.activosporcolombia.com/es/inmueble/25052/casa-en-gestion-cali-valle-del-cauca
370-705544,encontrado,https://www.activosporcolombia.com/es/inmueble/529/casa-en-venta-cali
370-635429,encontrado,https://www.activosporcolombia.com/es/inmueble/12539/casa-en-gestion-cali-valle-del-cauca
370-707905,encontrado,https://www.activosporcolombia.com/es/inmueble/21738/cr-103-12-b-106-bl-q-cs-3
370-712680,encontrado,https://www.activosporcolombia.com/es/unidad-inmobiliaria/26/casa-con-garaje-en-venta
370-735380,no_publicado,
370-712546,encontrado,https://www.activosporcolombia.com/es/unidad-inmobiliaria/26/casa-con-garaje-en-venta
370-719311,encontrado,https://www.activosporcolombia.com/es/inmueble/126/casa-en-venta-cali
370-748113,encontrado,https://www.activosporcolombia.com/es/unidad-inmobiliaria/448/local-comercial-en-gestion-cali-valle-del-cauca
370-736526,encontrado,https://www.activosporcolombia.com/es/unidad-inmobiliaria/739/apartamento-en-venta-cali
370-721629,encontrado,https://www.activosporcolombia.com/es/inmueble/7136/casa-en-gestion-cali-valle-del-cauca
370-766028,no_publicado,
370-736579,encontrado,https://www.activosporcolombia.com/es/unidad-inmobiliaria/101/apartamento-en-venta-cali-valle-del-cauca
370-766096,no_publicado,
370-766117,no_publicado,
370-758947,encontrado,https://www.activosporcolombia.com/es/inmueble/11029/casa-en-gestion-jamundi-valle-del-cauca
370-810041,no_publicado,
370-99617,no_publicado,
372-1140,no_publicado,
370-800090,encontrado,https://www.activosporcolombia.com/es/inmueble/11224/apartamento-en-gestion-cali-valle-del-cauca
370-91426,encontrado,https://www.activosporcolombia.com/es/inmueble/5306/casa-en-venta-cali
370-771118,encontrado,https://www.activosporcolombia.com/es/inmueble/28346/casa-en-gestion-cali-valle-del-cauca
370-92873,encontrado,https://www.activosporcolombia.com/es/inmueble/37913/casa-en-gestion-cali-valle-del-cauca
370-99860,encontrado,https://www.activosporcolombia.com/es/inmueble/37365/lote-en-gestion-cali-valle-del-cauca
370-99878,encontrado,https://www.activosporcolombia.com/es/inmueble/37321/lote-en-gestion-cali-valle-del-cauca
372-2169,no_publicado,
372-524,no_publicado,
372-5614,no_publicado,
372-6597,no_publicado,
373-117813,no_publicado,
373-122986,no_publicado,
373-122987,no_publicado,
373-122988,no_publicado,
373-117820,no_publicado,
373-122989,no_publicado,
373-122990,no_publicado,
373-122993,no_publicado,
373-122994,no_publicado,
373-122992,no_publicado,
373-122991,no_publicado,
373-122995,no_publicado,
373-122996,no_publicado,
373-122997,no_publicado,
373-123000,no_publicado,
373-123001,no_publicado,
373-123003,no_publicado,
373-123002,no_publicado,
373-123005,no_publicado,
373-123006,no_publicado,
373-123009,no_publicado,
373-123008,no_publicado,
373-123004,no_publicado,
373-123007,no_publicado,
373-123011,no_publicado,
373-123010,no_publicado,
373-123012,no_publicado,
373-123013,no_publicado,
373-123016,no_publicado,
373-123015,no_publicado,
373-123014,no_publicado,
373-123017,no_publicado,
373-123018,no_publicado,
373-123021,no_publicado,
373-123019,no_publicado,
373-123020,no_publicado,
373-123022,no_publicado,
373-123023,no_publicado,
373-123026,no_publicado,
373-123024,no_publicado,
373-123025,no_publicado,
373-123028,no_publicado,
373-123039,no_publicado,
373-123027,no_publicado,
373-123037,no_publicado,
373-123040,no_publicado,
373-123045,no_publicado,
373-123044,no_publicado,
373-123046,no_publicado,
373-123574,no_publicado,
373-125346,no_publicado,
373-33136,no_publicado,
373-235,encontrado,https://www.activosporcolombia.com/es/inmueble/37468/casa-en-gestion-guadalajara-de-buga-valle-del-cauca
373-31525,encontrado,https://www.activosporcolombia.com/es/inmueble/14944/casa-en-gestion-guadalajara-de-buga-valle-del-cauca
373-23372,encontrado,https://www.activosporcolombia.com/es/unidad-inmobiliaria/817/apartamento-en-gestion-guadalajara-de-buga-valle-del-cauca
373-24435,encontrado,https://www.activosporcolombia.com/es/inmueble/15023/casa-en-gestion-guadalajara-de-buga-valle-del-cauca
373-34423,encontrado,https://www.activosporcolombia.com/es/inmueble/14784/casa-lote-en-gestion-guadalajara-de-buga-valle-del-cauca
373-34425,encontrado,https://www.activosporcolombia.com/es/inmueble/14802/casa-en-gestion-guadalajara-de-buga-valle-del-cauca
373-34426,encontrado,https://www.activosporcolombia.com/es/inmueble/14809/casa-lote-en-gestion-guadalajara-de-buga-valle-del-cauca
373-34428,encontrado,https://www.activosporcolombia.com/es/inmueble/14822/casa-lote-en-gestion-guadalajara-de-buga-valle-del-cauca
373-3851,no_publicado,
373-4621,no_publicado,
373-38127,encontrado,https://www.activosporcolombia.com/es/inmueble/37472/casa-en-gestion-guadalajara-de-buga-valle-del-cauca
373-38696,encontrado,https://www.activosporcolombia.com/es/inmueble/14831/casa-en-gestion-guadalajara-de-buga-valle-del-cauca
375-1079,no_publicado,
373-7678,encontrado,https://www.activosporcolombia.com/es/inmueble/13004/finca-en-gestion-guadalajara-de-buga-valle-del-cauca
373-77389,encontrado,https://www.activosporcolombia.com/es/inmueble/128/casa-en-venta-guadalajara-de-buga-valle-del-cauca
373-6667,encontrado,https://www.activosporcolombia.com/es/inmueble/14934/casa-en-gestion-guadalajara-de-buga-valle-del-cauca
373-81786,encontrado,https://www.activosporcolombia.com/es/unidad-inmobiliaria/817/apartamento-en-gestion-guadalajara-de-buga-valle-del-cauca
373-82251,encontrado,https://www.activosporcolombia.com/es/inmueble/14648/bodega-en-venta-guadalajara-de-buga-valle-del-cauca
375-11796,no_publicado,
375-18254,no_publicado,
375-19198,no_publicado,
375-24869,no_publicado,
375-2076,no_publicado,
375-24870,no_publicado,
375-32764,no_publicado,
375-46296,no_publicado,
375-46399,no_publicado,
375-9413,no_publicado,
375-18603,encontrado,https://www.activosporcolombia.com/es/inmueble/19534/casa-en-venta-cartago-valle-del-cauca
378-2451,no_publicado,
378-176030,no_publicado,
375-58092,encontrado,https://www.activosporcolombia.com/es/inmueble/26992/casa-en-venta-cartago
378-129750,encontrado,https://www.activosporcolombia.com/es/inmueble/6553/casa-en-gestion-palmira-valle-del-cauca
378-141219,encontrado,https://www.activosporcolombia.com/es/inmueble/8539/suite-en-gestion-palmira-valle-del-cauca
375-58966,encontrado,https://www.activosporcolombia.com/es/inmueble/26986/casa-en-gestion-cartago-valle-del-cauca
382-2546,no_publicado,
382-4523,no_publicado,
382-13255,encontrado,https://www.activosporcolombia.com/es/inmueble/11348/finca-en-gestion-sevilla-valle-del-cauca
382-10150,encontrado,https://www.activosporcolombia.com/es/inmueble/9971/finca-en-gestion-sevilla-valle-del-cauca
382-14734,encontrado,https://www.activosporcolombia.com/es/inmueble/11383/finca-en-gestion-sevilla-valle-del-cauca
382-939,no_publicado,
382-12326,encontrado,https://www.activosporcolombia.com/es/inmueble/11333/finca-en-gestion-sevilla-valle-del-cauca
382-5387,encontrado,https://www.activosporcolombia.com/es/inmueble/9963/finca-en-gestion-sevilla-valle-del-cauca
382-5227,encontrado,https://www.activosporcolombia.com/es/inmueble/26625/casa-en-venta-sevilla
382-5598,no_publicado,
382-589,encontrado,https://www.activosporcolombia.com/es/inmueble/11499/finca-en-gestion-sevilla-valle-del-cauca
384-10494,encontrado,https://www.activosporcolombia.com/es/inmueble/14470/finca-en-gestion-andalucia-valle-del-cauca
384-11186,encontrado,https://www.activosporcolombia.com/es/unidad-inmobiliaria/738/lote-en-venta-zarzal
384-11185,encontrado,https://www.activosporcolombia.com/es/unidad-inmobiliaria/738/lote-en-venta-zarzal
384-10894,encontrado,https://www.activosporcolombia.com/es/unidad-inmobiliaria/738/lote-en-venta-zarzal
384-1153,encontrado,https://www.activosporcolombia.com/es/unidad-inmobiliaria/659/lote-en-gestion-bugalagrande-valle-del-cauca
384-11670,encontrado,https://www.activosporcolombia.com/es/inmueble/14544/villa-linda
384-11187,encontrado,https://www.activosporcolombia.com/es/unidad-inmobiliaria/738/lote-en-venta-zarzal
384-12179,no_publicado,
384-1872,no_publicado,
384-12493,no_publicado,
384-23728,no_publicado,
384-25666,no_publicado,
384-52901,no_publicado,
384-34960,no_publicado,
384-1873,encontrado,https://www.activosporcolombia.com/es/unidad-inmobiliaria/659/lote-en-gestion-bugalagrande-valle-del-cauca
384-25537,encontrado,https://www.activosporcolombia.com/es/inmueble/25723/lt-sin-direccion-municipio-zarzal
384-25538,encontrado,https://www.activosporcolombia.com/es/inmueble/25734/lt-ubicado-en-el-indiviso-de-las-lajas
384-34959,encontrado,https://www.activosporcolombia.com/es/inmueble/25768/pd-rural-santa-elena
384-50233,encontrado,https://www.activosporcolombia.com/es/inmueble/236/casa-en-venta-zarzal-valle-del-cauca
384-79405,no_publicado,
384-64741,encontrado,https://www.activosporcolombia.com/es/inmueble/14812/casa-en-venta-tulua-valle-del-cauca
384-93032,no_publicado,
384-87101,encontrado,https://www.activosporcolombia.com/es/unidad-inmobiliaria/621/lote-en-gestion-tulua-valle-del-cauca
400-1019,encontrado,https://www.activosporcolombia.com/es/inmueble/22653/casa-en-gestion-leticia-amazonas
400-1034,encontrado,https://www.activosporcolombia.com/es/inmueble/10734/cl-11-5-06-5-18
400-1283,encontrado,https://www.activosporcolombia.com/es/inmueble/25942/local-comercial-en-gestion-leticia-amazonas
400-2088,encontrado,https://www.activosporcolombia.com/es/inmueble/12336/lote-en-gestion-leticia-amazonas
400-3219,encontrado,https://www.activosporcolombia.com/es/inmueble/13072/cs-lt-cl-11-7-43-35-cr-7-10-99-113-115
400-3049,encontrado,https://www.activosporcolombia.com/es/inmueble/16512/lt-cr-6-3-09-13
400-2543,encontrado,https://www.activosporcolombia.com/es/inmueble/12111/lote-en-gestion-leticia-amazonas
400-3448,no_publicado,
400-3300,encontrado,https://www.activosporcolombia.com/es/inmueble/12123/lote-en-gestion-leticia-amazonas
400-92,encontrado,https://www.activosporcolombia.com/es/inmueble/22821/cr-8-a-11-91
400-4776,encontrado,https://www.activosporcolombia.com/es/inmueble/16528/local-comercial-en-venta-leticia
400-4775,encontrado,https://www.activosporcolombia.com/es/inmueble/16518/local-comercial-en-venta-leticia
400-3384,encontrado,https://www.activosporcolombia.com/es/inmueble/36987/lote-con-construccion-en-gestion-leticia-amazonas
400-886,encontrado,https://www.activosporcolombia.com/es/inmueble/22836/cs-cr-8-a-7-21
400-7028,encontrado,https://www.activosporcolombia.com/es/inmueble/35559/casa-en-gestion-leticia-amazonas
420-17371,encontrado,https://www.activosporcolombia.com/es/inmueble/25144/lote-en-gestion-florencia-caqueta
420-17370,encontrado,https://www.activosporcolombia.com/es/inmueble/25036/lote-en-gestion-florencia-caqueta
450-12178,no_publicado,
450-14492,no_publicado,
450-12802,no_publicado,
450-14879,no_publicado,
440-71948,encontrado,https://www.activosporcolombia.com/es/unidad-inmobiliaria/106/apartamento-con-garaje-en-venta-mocoa-putumayo
440-71949,encontrado,https://www.activosporcolombia.com/es/unidad-inmobiliaria/106/apartamento-con-garaje-en-venta-mocoa-putumayo
420-8018,encontrado,https://www.activosporcolombia.com/es/inmueble/25112/finca-en-gestion-el-doncello-caqueta
442-13852,encontrado,https://www.activosporcolombia.com/es/inmueble/33910/casa-en-gestion-puerto-asis-putumayo
450-17712,no_publicado,
450-17709,encontrado,https://www.activosporcolombia.com/es/inmueble/592/edificio-krystal-plaza-oficina-204-av-colombia-n-39397101
450-2335,no_publicado,
450-6393,no_publicado,
450-6396,no_publicado,
450-6395,no_publicado,
450-6407,no_publicado,
450-6417,no_publicado,
450-6408,no_publicado,
450-6413,no_publicado,
450-6418,no_publicado,
470-63397,no_publicado,
470-43937,no_publicado,
450-833,encontrado,https://www.activosporcolombia.com/es/inmueble/589/av-duarte-blum-con-libertadores-hotel-green-y-popular-mrket
470-14504,encontrado,https://www.activosporcolombia.com/es/inmueble/16738/casa-en-venta-yopal
470-2216,encontrado,https://www.activosporcolombia.com/es/inmueble/4237/casa-en-venta-yopal
470-22280,encontrado,https://www.activosporcolombia.com/es/inmueble/16689/casa-en-venta-yopal
475-14094,encontrado,https://www.activosporcolombia.com/es/inmueble/17692/local-comercial-en-gestion-paz-de-ariporo-casanare
475-18269,encontrado,https://www.activosporcolombia.com/es/inmueble/17666/bodega-en-gestion-paz-de-ariporo-casanare
475-14096,encontrado,https://www.activosporcolombia.com/es/inmueble/17659/bodega-en-gestion-paz-de-ariporo-casanare
475-8337,encontrado,https://www.activosporcolombia.com/es/inmueble/30146/lote-en-venta-paz-de-ariporo
475-14095,encontrado,https://www.activosporcolombia.com/es/inmueble/17673/bodega-en-gestion-paz-de-ariporo-casanare
475-9558,encontrado,https://www.activosporcolombia.com/es/inmueble/17655/casa-en-gestion-paz-de-ariporo-casanare
475-8224,encontrado,https://www.activosporcolombia.com/es/inmueble/17681/local-comercial-en-gestion-paz-de-ariporo-casanare
475-918,encontrado,https://www.activosporcolombia.com/es/inmueble/17686/edificio-en-gestion-paz-de-ariporo-casanare
50C-1273936,no_publicado,
50C-1235782,encontrado,https://www.activosporcolombia.com/es/inmueble/11602/apartamento-en-gestion-bogota-dc-bogota-d-c
50C-1031187,encontrado,https://www.activosporcolombia.com/es/inmueble/14286/apartamento-en-venta-bogota
50C-118453,encontrado,https://www.activosporcolombia.com/es/inmueble/471/bodega-en-venta-bogota-dc
50C-1224806,encontrado,https://www.activosporcolombia.com/es/inmueble/5612/edificio-en-venta-bogota
50C-1222224,encontrado,https://www.activosporcolombia.com/es/inmueble/16558/apartamento-en-gestion-bogota-dc-bogota-d-c
50C-1283160,encontrado,https://www.activosporcolombia.com/es/inmueble/11876/apartamento-en-gestion-bogota-dc-bogota-d-c
50C-1410102,no_publicado,
50C-1276347,encontrado,https://www.activosporcolombia.com/es/inmueble/295/casa-en-venta-bogota-dc-bogota-dc
50C-1284600,encontrado,https://www.activosporcolombia.com/es/inmueble/19292/apartamento-1803-carrera-9-no85-32-manzana-f-el-retiro-torre-de-la-cabrera-bogota
50C-1331869,encontrado,https://www.activosporcolombia.com/es/inmueble/27234/apartamento-en-gestion-bogota-dc-bogota-d-c
50C-1393110,encontrado,https://www.activosporcolombia.com/es/inmueble/27676/apartamento-en-gestion-bogota-dc-bogota-d-c
50C-1410263,encontrado,https://www.activosporcolombia.com/es/inmueble/26589/kr-1-bis-72-11-ed-castillo-del-cerro-ap-101
50C-1372651,encontrado,https://www.activosporcolombia.com/es/inmueble/1681/apartamento-en-gestion-bogota-dc-bogota-d-c
50C-1286920,encontrado,https://www.activosporcolombia.com/es/inmueble/36662/apartamento-en-gestion-bogota-dc-bogota-d-c
50C-1472855,no_publicado,
50C-1452258,encontrado,https://www.activosporcolombia.com/es/inmueble/737/casa-en-venta-bogota
50C-1466304,encontrado,https://www.activosporcolombia.com/es/inmueble/19877/casa-en-venta-bogota
50C-1465392,encontrado,https://www.activosporcolombia.com/es/inmueble/25121/local-comercial-en-venta-bogota
50C-1418591,encontrado,https://www.activosporcolombia.com/es/inmueble/36680/local-comercial-en-gestion-bogota-dc-bogota-dc
50C-1439564,encontrado,https://www.activosporcolombia.com/es/inmueble/22562/habitacion-hotel-en-venta-bogota
50C-1557620,no_publicado,
50C-1570073,encontrado,https://www.activosporcolombia.com/es/inmueble/19745/apartamento-en-gestion-bogota-dc-bogota-d-c
50C-1572383,encontrado,https://www.activosporcolombia.com/es/inmueble/136/apartamento-en-venta-bogota-cundinamarca
50C-1593371,no_publicado,
50C-1574583,encontrado,https://www.activosporcolombia.com/es/inmueble/5634/local-comercial-en-gestion-bogota-dc-bogota-d-c
50C-1601979,encontrado,https://www.activosporcolombia.com/es/inmueble/17513/local-comercial-en-venta-bogota
50C-1593346,encontrado,https://www.activosporcolombia.com/es/inmueble/10731/apartamento-en-gestion-bogota-dc-bogota-d-c
50C-1574584,encontrado,https://www.activosporcolombia.com/es/inmueble/5637/local-comercial-en-gestion-bogota-dc-bogota-d-c
50C-1574574,encontrado,https://www.activosporcolombia.com/es/inmueble/25010/local-comercial-en-venta-bogota
50C-1606353,encontrado,https://www.activosporcolombia.com/es/inmueble/36091/casa-en-gestion-bogota-dc-bogota-d-c
50C-1614642,encontrado,https://www.activosporcolombia.com/es/inmueble/898/casa-en-venta-bogota
50C-162764,encontrado,https://www.activosporcolombia.com/es/inmueble/251/casa-en-venta-bogota-dc-bogota-d-c
50C-1669895,encontrado,https://www.activosporcolombia.com/es/inmueble/16261/apartamento-en-venta-bogota
50C-1670822,encontrado,https://www.activosporcolombia.com/es/inmueble/15480/cr-68a-bis-25-40-tr-3-garaje-299
50C-1670768,encontrado,https://www.activosporcolombia.com/es/inmueble/15478/cr-68a-bis-25-40-garaje-209
50C-1643467,encontrado,https://www.activosporcolombia.com/es/inmueble/30973/casa-en-gestion-bogota-dc-bogota-d-c
50C-1730198,encontrado,https://www.activosporcolombia.com/es/unidad-inmobiliaria/437/apartamento-en-gestion-bogota-dc-bogota-d-c
50C-1670996,encontrado,https://www.activosporcolombia.com/es/inmueble/15488/cr-68a-bis-25-40-deposito-82
50C-1671097,encontrado,https://www.activosporcolombia.com/es/inmueble/15490/cr-68a-bis-25-40-tr-3-ap-107
50C-241368,no_publicado,
50C-1873116,encontrado,https://www.activosporcolombia.com/es/inmueble/176/apartamento-en-venta-bogota-dc
50C-394345,no_publicado,
50C-226047,encontrado,https://www.activosporcolombia.com/es/inmueble/2374/casa-en-venta-bogota
50C-1842347,encontrado,https://www.activosporcolombia.com/es/unidad-inmobiliaria/637/apartamento-en-gestion-bogota-dc-bogota-d-c
50C-292622,encontrado,https://www.activosporcolombia.com/es/inmueble/21103/casa-en-gestion-bogota-dc-bogota-d-c
50C-452959,encontrado,https://www.activosporcolombia.com/es/inmueble/840/casa-en-venta-bogota
50C-30092,encontrado,https://www.activosporcolombia.com/es/inmueble/510/lote-con-construccion-en-venta-bogota
50C-420725,encontrado,https://www.activosporcolombia.com/es/inmueble/37578/bodega-en-gestion-bogota-dc-bogota-d-c
50C-562121,no_publicado,
50C-502331,no_publicado,
50C-469720,encontrado,https://www.activosporcolombia.com/es/inmueble/34784/local-comercial-en-venta-bogota
50C-7099411,no_publicado,
50C-895896,no_publicado,
50C-500588,encontrado,https://www.activosporcolombia.com/es/inmueble/30989/edificio-en-venta-bogota
50C-596850,encontrado,https://www.activosporcolombia.com/es/inmueble/6701/casa-en-gestion-bogota-dc-bogota-d-c
50C-790912,encontrado,https://www.activosporcolombia.com/es/inmueble/259/apartamento-en-venta-bogota-cundinamarca
50C-865665,encontrado,https://www.activosporcolombia.com/es/unidad-inmobiliaria/444/apartamento-en-gestion-bogota-dc-bogota-d-c
50C-90458,encontrado,https://www.activosporcolombia.com/es/inmueble/36532/casa-en-venta-bogota-dc-bogota-d-c
50C-938495,encontrado,https://www.activosporcolombia.com/es/inmueble/16589/casa-en-gestion-bogota-dc-bogota-d-c
50N-1029908,no_publicado,
50C-962760,encontrado,https://www.activosporcolombia.com/es/unidad-inmobiliaria/13/local-en-venta-bogota-cundinamarca
50N-1064328,no_publicado,
50C-978758,encontrado,https://www.activosporcolombia.com/es/inmueble/15060/casa-en-venta-bogota-dc-bogota-d-c
50C-962761,encontrado,https://www.activosporcolombia.com/es/unidad-inmobiliaria/13/local-en-venta-bogota-cundinamarca
50N-1044532,encontrado,https://www.activosporcolombia.com/es/inmueble/30194/oficina-en-gestion-bogota-dc-bogota-d-c
50N-1058132,encontrado,https://www.activosporcolombia.com/es/inmueble/26851/casa-en-gestion-bogota-dc-bogota-d-c
50C-996056,encontrado,https://www.activosporcolombia.com/es/inmueble/12480/casa-en-gestion-bogota-dc-bogota-d-c
50N-1121471,encontrado,https://www.activosporcolombia.com/es/inmueble/15737/apartamento-en-gestion-bogota-dc-bogota-d-c
50N-1146338,encontrado,https://www.activosporcolombia.com/es/inmueble/15662/casa-en-gestion-bogota-dc-bogota-d-c
50N-20020717,encontrado,https://www.activosporcolombia.com/es/inmueble/31788/apartamento-en-venta-bogota
50N-20109600,no_publicado,
50N-20014761,encontrado,https://www.activosporcolombia.com/es/inmueble/21187/kr-46-152-46-ce-mazuren-lc-260
50N-20014762,encontrado,https://www.activosporcolombia.com/es/inmueble/21202/kr-46-152-46-ce-mazuren-lc-261
50N-20034268,encontrado,https://www.activosporcolombia.com/es/inmueble/20904/lote-en-venta-bogota
50N-20106917,encontrado,https://www.activosporcolombia.com/es/inmueble/27088/kr-8a-140a-80-ap-801
50N-20056312,encontrado,https://www.activosporcolombia.com/es/inmueble/11618/apartamento-en-gestion-bogota-dc-bogota-d-c
50N-20109601,no_publicado,
50N-20125274,encontrado,https://www.activosporcolombia.com/es/inmueble/5562/ap-402-cl-142-a-53-a-80-in-5-con-alameda-de-santa-clara
50N-20137233,encontrado,https://www.activosporcolombia.com/es/inmueble/18305/casa-en-gestion-bogota-dc-bogota-d-c
50N-20129645,encontrado,https://www.activosporcolombia.com/es/unidad-inmobiliaria/756/apartamento-en-venta-bogota
50N-20138857,encontrado,https://www.activosporcolombia.com/es/unidad-inmobiliaria/124/apartamento-y-garajes-en-venta-bogota
50N-20144914,encontrado,https://www.activosporcolombia.com/es/inmueble/28987/apartamento-en-gestion-bogota-dc-bogota-d-c
50N-20138852,encontrado,https://www.activosporcolombia.com/es/unidad-inmobiliaria/124/apartamento-y-garajes-en-venta-bogota
50N-20138839,encontrado,https://www.activosporcolombia.com/es/unidad-inmobiliaria/124/apartamento-y-garajes-en-venta-bogota
50N-20161609,encontrado,https://www.activosporcolombia.com/es/unidad-inmobiliaria/332/kr-9-c-121-53-ap-503-ed-vallarta-to-b
50N-20213355,encontrado,https://www.activosporcolombia.com/es/inmueble/17640/apartamento-en-gestion-bogota-dc-bogota-d-c
50N-20203917,encontrado,https://www.activosporcolombia.com/es/inmueble/34797/casa-en-gestion-bogota-dc-bogota-d-c
50N-20170418,encontrado,https://www.activosporcolombia.com/es/unidad-inmobiliaria/843/apartamento-en-gestion-bogota-dc-bogota-d-c
50N-20163007,encontrado,https://www.activosporcolombia.com/es/inmueble/22600/local-en-cc-san-andresito-norte
50N-20208169,encontrado,https://www.activosporcolombia.com/es/inmueble/322/local-en-venta-bogota-cundinamarca
50N-20298010,encontrado,https://www.activosporcolombia.com/es/inmueble/26772/apartamento-en-gestion-bogota-dc-bogota-dc
50N-20170814,encontrado,https://www.activosporcolombia.com/es/inmueble/21407/apartamento-en-gestion-bogota-dc-bogota-d-c
50N-20296188,encontrado,https://www.activosporcolombia.com/es/inmueble/20213/lote-en-venta-chia-cundinamarca
50N-20301690,no_publicado,
50N-20428127,no_publicado,
50N-20423762,no_publicado,
50N-20423710,no_publicado,
50N-20469962,no_publicado,
50N-20415187,encontrado,https://www.activosporcolombia.com/es/inmueble/269/apartamento-en-venta-bogota-cundinamarca
50N-20337463,encontrado,https://www.activosporcolombia.com/es/inmueble/37034/apartamento-en-gestion-bogota-dc-bogota-d-c
50N-20436654,encontrado,https://www.activosporcolombia.com/es/inmueble/8560/apartamento-en-gestion-bogota-dc-bogota-d-c
50N-20490730,encontrado,https://www.activosporcolombia.com/es/unidad-inmobiliaria/137/apartamento-y-garaje-en-venta-bogota-dc-bogota-dc
50N-20429717,encontrado,https://www.activosporcolombia.com/es/inmueble/32402/apartamento-en-gestion-bogota-dc-bogota-d-c
50N-20716797,no_publicado,
50N-20477130,encontrado,https://www.activosporcolombia.com/es/unidad-inmobiliaria/638/apartamento-en-gestion-bogota-dc-bogota-dc
50N-20490801,encontrado,https://www.activosporcolombia.com/es/unidad-inmobiliaria/137/apartamento-y-garaje-en-venta-bogota-dc-bogota-dc
50N-20507611,encontrado,https://www.activosporcolombia.com/es/inmueble/20343/casa-en-gestion-bogota-dc-bogota-d-c
50N-335270,no_publicado,
50N-20558041,encontrado,https://www.activosporcolombia.com/es/inmueble/35547/apartamento-en-venta-bogota-dc
50N-20701853,encontrado,https://www.activosporcolombia.com/es/inmueble/15042/apartamento-en-gestion-bogota-dc-bogota-d-c
50N-359423,no_publicado,
50N-362190,no_publicado,
50N-528774,no_publicado,
50N-442779,no_publicado,
50N-336153,encontrado,https://www.activosporcolombia.com/es/inmueble/15890/oficina-en-gestion-bogota-dc-bogota-d-c
50N-411090,encontrado,https://www.activosporcolombia.com/es/inmueble/5555/ag-gratamira-mz-6-58-te-c-10-cl-136-a-56-b-69
50N-392407,encontrado,https://www.activosporcolombia.com/es/inmueble/125/casa-en-venta-bogota-dc-bogota-d-c
50N-340808,encontrado,https://www.activosporcolombia.com/es/inmueble/16914/casa-en-venta-bogota-dc-bogota-dc
50N-834790,no_publicado,
50N-541575,encontrado,https://www.activosporcolombia.com/es/inmueble/32824/apartamento-en-gestion-bogota-dc-cundinamarca
50N-534743,encontrado,https://www.activosporcolombia.com/es/unidad-inmobiliaria/136/apartamento-en-venta-bogota-dc-bogota-dc
50N-596717,encontrado,https://www.activosporcolombia.com/es/inmueble/29424/local-comercial-en-gestion-bogota-dc-bogota-d-c
50N-535270,encontrado,https://www.activosporcolombia.com/es/unidad-inmobiliaria/136/apartamento-en-venta-bogota-dc-bogota-dc
50S-214644,no_publicado,
50N-896866,encontrado,https://www.activosporcolombia.com/es/inmueble/27818/lote-en-gestion-bogota-dc-bogota-d-c
50S-222358,no_publicado,
50N-977906,encontrado,https://www.activosporcolombia.com/es/unidad-inmobiliaria/446/apartamento-en-gestion-bogota-dc-bogota-d-c
50N-993605,encontrado,https://www.activosporcolombia.com/es/inmueble/36448/casa-en-gestion-bogota-dc-bogota-d-c
50N-953291,encontrado,https://www.activosporcolombia.com/es/unidad-inmobiliaria/805/apartamento-en-gestion-bogota-dc-bogota-dc
50S-160468,encontrado,https://www.activosporcolombia.com/es/inmueble/268/casa-en-venta-bogota-cundinamarca
50S-128204,encontrado,https://www.activosporcolombia.com/es/inmueble/522/casa-en-venta-bogota-dc-bogota-dc
50S-40034920,encontrado,https://www.activosporcolombia.com/es/inmueble/21517/casa-en-venta-bogota
50S-40133750,encontrado,https://www.activosporcolombia.com/es/inmueble/27107/cr-98c-bis-38-30-s
50S-40035461,encontrado,https://www.activosporcolombia.com/es/inmueble/19626/casa-en-gestion-bogota-dc-bogota-d-c
50S-40135282,encontrado,https://www.activosporcolombia.com/es/inmueble/34112/casa-en-gestion-bogota-dc-bogota-d-c
50S-40112015,encontrado,https://www.activosporcolombia.com/es/inmueble/16907/dg-45-f-sur-16-22
50S-40133751,encontrado,https://www.activosporcolombia.com/es/inmueble/27112/cr-98c-bis-38-24-s
50S-40149396,no_publicado,
50S-40136849,encontrado,https://www.activosporcolombia.com/es/inmueble/4685/casa-en-gestion-bogota-dc-bogota-d-c
50S-40112260,encontrado,https://www.activosporcolombia.com/es/inmueble/30698/casa-en-venta-bogota
50S-40334927,encontrado,https://www.activosporcolombia.com/es/inmueble/110/casa-en-venta-bogota-dc-bogota-d-c
50S-40415513,encontrado,https://www.activosporcolombia.com/es/inmueble/37558/casa-en-gestion-bogota-dc-bogota-d-c
50S-40371170,encontrado,https://www.activosporcolombia.com/es/inmueble/278/casa-en-venta-bogota-dc-bogota-d-c
50S-40252346,encontrado,https://www.activosporcolombia.com/es/unidad-inmobiliaria/345/apartamento-en-gestion-bogota-dc-bogota-d-c
50S-40311069,encontrado,https://www.activosporcolombia.com/es/inmueble/4592/apartamento-en-venta-bogota-dc-bogota-d-c
50S-40295176,encontrado,https://www.activosporcolombia.com/es/inmueble/24809/apartamento-en-gestion-bogota-dc-bogota-d-c
50S-40441791,encontrado,https://www.activosporcolombia.com/es/inmueble/266/casa-en-venta-bogota-dc-bogota-d-c
50S-40513870,encontrado,https://www.activosporcolombia.com/es/inmueble/37456/casa-en-gestion-bogota-dc-bogota-d-c
50S-40667301,no_publicado,
50S-734920,encontrado,https://www.activosporcolombia.com/es/inmueble/6851/casa-en-gestion-bogota-dc-bogota-d-c
50c-786813,no_publicado,
50c-996056,encontrado,https://www.activosporcolombia.com/es/inmueble/12480/casa-en-gestion-bogota-dc-bogota-d-c
50S-47192,encontrado,https://www.activosporcolombia.com/es/inmueble/20779/lote-en-gestion-bogota-dc-bogota-dc
50S-707399,encontrado,https://www.activosporcolombia.com/es/inmueble/6603/casa-en-gestion-bogota-dc-bogota-d-c
50S-772967,encontrado,https://www.activosporcolombia.com/es/inmueble/272/casa-en-venta-bogota-dc-bogota-d-c
